id,memberId,donorName,donorEmail,campaignId,amount,currency,paymentMethod,paymentStatus,paystackReference,isAnonymous,isRecurring,recurringFrequency,message,createdAt
e39390f3-3f1b-45aa-9551-90bdad5895bb,f3673764-2d78-4d87-859b-8f6b3c099bab,,,,15000,NGN,paystack,completed,TXN_LVD1DB,false,false,,,"""2025-10-17T22:42:34.957Z"""
0240f95e-e1d5-4fd4-aa3b-d0687b0b3974,4a97422e-ee9e-4ac4-a2c4-c99e1061adab,,,,13000,NGN,paystack,completed,TXN_8DGF3I,false,false,,,"""2025-10-17T22:42:35.007Z"""
6844bebb-816c-4294-83c5-c58d260138df,ce851cd5-17c5-45b4-bfe6-8d477f905812,,,,12000,NGN,paystack,completed,TXN_DOPF2,true,false,,,"""2025-10-17T22:42:35.056Z"""
4996315a-ae62-47cd-b3da-1aa47005206d,fabf3441-b32c-427e-808c-5db23be2ad4b,,,,13000,NGN,paystack,completed,TXN_SSI75D,true,false,,,"""2025-10-17T22:42:35.104Z"""
c5392a01-8628-455a-8846-39993c597ea0,8c51f942-7acf-4701-9d5e-8aaa9c6b0a53,,,,18000,NGN,paystack,completed,TXN_KPDLIT,true,false,,,"""2025-10-17T22:42:35.152Z"""
8b1f64c6-232b-467c-bf5c-512b238fd33e,ce067b33-47de-45dc-b765-eb5d4a2c1c2e,,,,6000,NGN,paystack,completed,TXN_EA3FF2,false,false,,,"""2025-10-17T22:42:35.198Z"""
9d2a8292-fc90-44f0-8763-73c695d8dcdc,c0940933-539d-4429-b9c5-1758ea012129,,,,20000,NGN,paystack,completed,TXN_TW908,true,false,,,"""2025-10-17T22:42:35.245Z"""
cfdcc8d1-903a-4de4-9a25-22c6b46de8db,88fe9cfe-d470-44c1-adb9-ee521ca7e211,,,,5000,NGN,paystack,completed,TXN_MJ4QW,false,false,,,"""2025-10-17T22:42:35.291Z"""
a2884e68-8d83-4dfa-9fb7-196439679259,ec3b26cd-c216-4ce6-abd8-ea38d899c4ec,,,,12000,NGN,paystack,completed,TXN_FTS0JN,false,false,,,"""2025-10-17T22:42:35.338Z"""
0cad60e0-7eba-4970-8cf4-6081cb8651b6,2645082c-dce7-4ce7-8482-1e5a9e172d5f,,,,17000,NGN,paystack,completed,TXN_S9M3XH,true,false,,,"""2025-10-17T22:42:35.384Z"""
a8b534ba-539f-4e16-82ea-298f928be44e,f3673764-2d78-4d87-859b-8f6b3c099bab,,,,500000,NGN,paystack,pending,,false,false,,,"""2025-10-18T07:18:25.990Z"""
665231cc-ddeb-470b-87d7-76cf7e5d36c6,f3673764-2d78-4d87-859b-8f6b3c099bab,,,,100000,NGN,paystack,pending,,false,false,,,"""2025-11-12T20:59:14.682Z"""
3df56057-5201-49f2-bec8-10ab999b55e2,9bf521e1-3889-4269-a33f-af0fe87b352e,Asabe Okeke,asabe.okeke64@yahoo.com,a37200a8-a59f-471f-9e6c-1d194002bac9,20000000,NGN,paystack,completed,PST-F20Q3MKIVA1G,false,false,,,"""2025-11-12T21:30:37.174Z"""
3a2a07d1-b13d-4dfc-940f-06c37084f486,,Anonymous Donor,,a37200a8-a59f-471f-9e6c-1d194002bac9,5000000,NGN,paystack,completed,PST-JYTIR2DQT4OB,true,false,,,"""2025-11-12T21:30:37.174Z"""
c95e0082-79c7-4f75-82cf-5cedf63ec9ae,a2964bce-b387-4949-8f2c-47047f75364c,Ibrahim Adekunle,ibrahim.adekunle158@gmail.com,f904c722-c263-4808-ac35-c29a3554eb19,10000000,NGN,paystack,completed,PST-M928DD68CVHI,false,false,,,"""2025-11-12T21:30:37.174Z"""
135de2f3-6f3f-47dd-a12d-2b8cdd173299,,Anonymous Donor,,f3181149-f0b3-4470-924a-238efda324a7,10000000,NGN,paystack,completed,PST-9OO9CNJVHNA5,true,true,monthly,Keep up the good work! Nigeria needs APC.,"""2025-11-12T21:30:37.174Z"""
b517808d-dbde-408b-9487-dabc58ff80c4,c6841e9b-22a0-4030-9614-b249ac8800a4,Chidi Bello,chidi.bello40@yahoo.com,27c1f2c0-01b0-4557-81ee-9c7d35a0af70,10000000,NGN,paystack,completed,PST-7XKWG3V75DDR,false,false,,Keep up the good work! Nigeria needs APC.,"""2025-11-12T21:30:37.174Z"""
826dd144-b909-4cd8-a53a-42085b3b9b77,ad100201-143c-4d92-bf4a-65e64d4b8be4,Ibrahim Sani,ibrahim.sani2186@yahoo.com,8acec667-e1de-4dfc-8401-e64db0051446,200000,NGN,paystack,pending,,false,false,,,"""2025-11-12T21:30:37.174Z"""
19d5c695-9de5-4dfd-8fa8-3c3591bc772e,,Anonymous Donor,,8acec667-e1de-4dfc-8401-e64db0051446,10000000,NGN,paystack,completed,PST-PIP5KITBV44T,true,false,,,"""2025-11-12T21:30:37.174Z"""
2f4fcd29-d450-417c-a45c-d22d9eb5c90c,efd5b0e3-1f3d-41f6-b104-32c83ef40417,Folake Hassan,folake.hassan106@gmail.com,27c1f2c0-01b0-4557-81ee-9c7d35a0af70,500000,NGN,paystack,completed,PST-VZEZ9EZA05KN,false,false,,Keep up the good work! Nigeria needs APC.,"""2025-11-12T21:30:37.174Z"""
1f643345-0b70-4849-ac60-fc82f0b8b303,2472f9d1-beef-43e5-be2f-bcc01a875da1,Ahmed Chukwu,ahmed.chukwu28@gmail.com,27c1f2c0-01b0-4557-81ee-9c7d35a0af70,50000000,NGN,paystack,completed,PST-ISRKLS6W0WGH,false,false,,,"""2025-11-12T21:30:37.174Z"""
b8458a92-3710-471a-b2a4-ecbfe281fad8,3ee6a2b8-047b-4335-83c0-4d64b2f9dcc7,Fatima Aliyu,fatima.aliyu72@gmail.com,57c63613-9726-4964-972c-6d0f4e9c16c9,200000,NGN,paystack,completed,PST-RZ21E01KF9CI,false,false,,Keep up the good work! Nigeria needs APC.,"""2025-11-12T21:30:37.174Z"""
f902100e-ad57-4d33-8f86-4bf9531265f5,a2964bce-b387-4949-8f2c-47047f75364c,Ibrahim Adekunle,ibrahim.adekunle158@gmail.com,cd0dba81-171e-40da-96e6-f1d7bc1158d2,1000000,NGN,paystack,completed,PST-INFIQBQO0N89,false,true,,,"""2025-11-12T21:30:37.174Z"""
1d0ea367-cabf-4ad8-8a5f-2fb1cb0a90eb,,Anonymous Donor,,bef0b849-31a9-4db3-ac57-6fca27135438,10000000,NGN,paystack,completed,PST-NPAPSW74NY6M,true,false,,Keep up the good work! Nigeria needs APC.,"""2025-11-12T21:30:37.174Z"""
40a6e881-cef3-4b25-bb1b-1961a31bc3f6,da61f83f-ecce-4c71-bc45-0a1ea53a0a60,Olumide Haruna,olumide.haruna94@gmail.com,bef0b849-31a9-4db3-ac57-6fca27135438,200000,NGN,paystack,completed,PST-Q2C8XPYQ85BQ,false,true,,Keep up the good work! Nigeria needs APC.,"""2025-11-12T21:30:37.174Z"""
a4d61f6c-905b-479f-9c90-0eb8e0762fe4,c06b9753-74d8-4a72-a025-73bf2a3d5518,Adewale Adekunle,adewale.adekunle138@gmail.com,a37200a8-a59f-471f-9e6c-1d194002bac9,2000000,NGN,paystack,completed,PST-GPH4FFQN9OD2,false,false,,,"""2025-11-12T21:30:37.174Z"""
77c65e5b-10a1-4ff7-b8f3-aabeb5684dae,efd5b0e3-1f3d-41f6-b104-32c83ef40417,Folake Hassan,folake.hassan106@gmail.com,f3181149-f0b3-4470-924a-238efda324a7,10000000,NGN,paystack,completed,PST-TUSCZ75RDQP0,false,false,,,"""2025-11-12T21:30:37.174Z"""
be4cc594-2e0e-424c-bd3f-fae847406d8f,,Anonymous Donor,,cd0dba81-171e-40da-96e6-f1d7bc1158d2,50000000,NGN,paystack,failed,PST-SBHUP1NQ6J2Q,true,false,,,"""2025-11-12T21:30:37.174Z"""
8665652a-b814-4295-b7de-861c2d363c79,4953b844-1720-4971-bb40-1a082aca00dd,Yakubu Bello,yakubu.bello144@yahoo.com,3795df3d-9a00-48ce-907a-f40e739af2ee,10000000,NGN,paystack,completed,PST-3D9OSP2CVCNA,false,false,,Keep up the good work! Nigeria needs APC.,"""2025-11-12T21:30:37.174Z"""
a012684c-2f81-4859-9b42-4d56c323d9e1,93226b44-5b36-4451-abd0-60531eff6384,Tunde Mohammed,tunde.mohammed80@yahoo.com,3795df3d-9a00-48ce-907a-f40e739af2ee,50000000,NGN,paystack,completed,PST-HJG2OMEVCGGD,false,false,,,"""2025-11-12T21:30:37.174Z"""
8b68a533-50a0-4eae-b656-a12d1d06d946,61feece4-6913-48d7-8581-f9c2450a6a63,Hadiza Ogundele,hadiza.ogundele17@gmail.com,3795df3d-9a00-48ce-907a-f40e739af2ee,200000,NGN,paystack,pending,,false,false,,,"""2025-11-12T21:30:37.174Z"""
f2baf953-3e4b-4a6e-81fc-9a893ed051f5,ac034fe5-4d58-4e90-8001-b3f0e78cea06,Adewale Sadiq,adewale.sadiq23@yahoo.com,80e1a2a1-00e4-4f20-9daf-69b2ef16ab9b,2000000,NGN,paystack,pending,,false,false,,,"""2025-11-12T21:30:37.174Z"""
f5441a2a-1fdb-444c-9ef2-790d3442b708,26f024c7-850f-4fcd-96a6-59f4a4a1a70d,Chidi Okeke,chidi.okeke51@yahoo.com,27c1f2c0-01b0-4557-81ee-9c7d35a0af70,1000000,NGN,paystack,pending,,false,false,,,"""2025-11-12T21:30:37.174Z"""
4ccb32af-bbe1-4728-917c-aa1afaa7caa3,afa8c32d-9f13-49de-afcb-f22ad2455b43,Rakiya Tijani,rakiya.tijani128@gmail.com,a37200a8-a59f-471f-9e6c-1d194002bac9,200000,NGN,paystack,pending,,false,false,,,"""2025-11-12T21:30:37.174Z"""
b515c1c9-b959-4b94-8491-36ba32189133,184416e0-9e30-4747-8d35-206114697bb2,Khadija Ahmed,khadija.ahmed33@gmail.com,f904c722-c263-4808-ac35-c29a3554eb19,2000000,NGN,paystack,completed,PST-CNRP7R5ISE55,false,false,,,"""2025-11-12T21:30:37.174Z"""
f3a92b4e-2eeb-4be3-9bbe-5c0f14e4b424,f681d434-8fd0-4dd0-a192-6383ae1caa40,Halima Obi,halima.obi117@yahoo.com,27c1f2c0-01b0-4557-81ee-9c7d35a0af70,10000000,NGN,paystack,completed,PST-8Y5QYSXV68SB,false,false,monthly,,"""2025-11-12T21:30:37.174Z"""
6729c792-b329-4001-b5fc-a08d7c84fd19,,Anonymous Donor,,bef0b849-31a9-4db3-ac57-6fca27135438,10000000,NGN,paystack,completed,PST-YXI6WUF78YUH,true,false,,Keep up the good work! Nigeria needs APC.,"""2025-11-12T21:30:37.174Z"""
da6dbbe0-e9d0-406b-812d-fc35fdcbe657,58859603-7476-4636-a9ea-ae28391bdb1f,Chinedu Aliyu,chinedu.aliyu124@yahoo.com,f3181149-f0b3-4470-924a-238efda324a7,200000,NGN,paystack,completed,PST-VQSK6EON6VWO,false,false,,,"""2025-11-12T21:30:37.283Z"""
0185dc4b-cde8-479c-b707-918818096ed8,61999a00-d7bf-42e2-acb2-e8ecf95f5d72,Adebayo Adeyemi,adebayo.adeyemi89@gmail.com,bef0b849-31a9-4db3-ac57-6fca27135438,5000000,NGN,paystack,completed,PST-0T8TI09Z0B8Y,false,false,,,"""2025-11-12T21:30:37.283Z"""
a35e24a3-b3cc-4484-8c1c-2b947da09ec8,c06b9753-74d8-4a72-a025-73bf2a3d5518,Adewale Adekunle,adewale.adekunle138@gmail.com,a37200a8-a59f-471f-9e6c-1d194002bac9,50000000,NGN,paystack,pending,,false,false,quarterly,Keep up the good work! Nigeria needs APC.,"""2025-11-12T21:30:37.283Z"""
51ee5d12-2e6e-44b5-a87c-8a33a5d05970,0a351a30-e77c-4234-8da9-de93e7e8e942,Hadiza Hassan,hadiza.hassan2184@gmail.com,8acec667-e1de-4dfc-8401-e64db0051446,100000,NGN,paystack,failed,PST-3SBLBWRAY3Q4,false,false,,,"""2025-11-12T21:30:37.283Z"""
39c5c475-1d2f-431c-990c-0b4eebbf3242,e066d3ff-6ac4-4b68-9b01-c2ce2770088c,Babatunde Ibrahim,babatunde.ibrahim156@yahoo.com,a37200a8-a59f-471f-9e6c-1d194002bac9,200000,NGN,paystack,completed,PST-5XE0ZPAWIOL5,false,false,,,"""2025-11-12T21:30:37.283Z"""
b79a1a21-0dc0-448f-8d3c-f42ae5f1b88d,1282e5ee-e348-42e8-b7cf-153107c73bc6,Sani Chinwe,sani.chinwe65@gmail.com,a37200a8-a59f-471f-9e6c-1d194002bac9,5000000,NGN,paystack,completed,PST-34WZ3N3INN59,false,false,,Keep up the good work! Nigeria needs APC.,"""2025-11-12T21:30:37.283Z"""
eddb64a6-d690-4310-93e5-3d9a165e3a43,82c271b4-9250-43b1-aa3e-f53f199e7c2e,Buhari Chukwuemeka,buhari.chukwuemeka7@yahoo.com,80e1a2a1-00e4-4f20-9daf-69b2ef16ab9b,10000000,NGN,paystack,pending,,false,false,,,"""2025-11-12T21:30:37.283Z"""
5436ae0c-c898-44d4-a2e3-e8d63ccfc6d5,af3a7212-61cd-4276-9b7b-ee62791335bb,Olumide Afolabi,olumide.afolabi162@yahoo.com,a37200a8-a59f-471f-9e6c-1d194002bac9,1000000,NGN,paystack,failed,PST-NMW61TGG9DK3,false,false,,,"""2025-11-12T21:30:37.283Z"""
952bef49-bbba-4c06-bd68-498989212d9c,810c15a7-52d8-421b-b1d4-38a4c7b505ee,Adeola Williams,adeola.williams169@gmail.com,cd0dba81-171e-40da-96e6-f1d7bc1158d2,200000,NGN,paystack,completed,PST-THJ7YJ504C2B,false,false,,,"""2025-11-12T21:30:37.283Z"""
5efa785f-c053-42c4-9ce1-7651ac7d85b9,dbe80c7e-9eee-4c37-9293-ede1191383ab,Hauwa Adeyemi,hauwa.adeyemi70@yahoo.com,f3181149-f0b3-4470-924a-238efda324a7,20000000,NGN,paystack,completed,PST-GVMQEJG4ORVA,false,false,,Keep up the good work! Nigeria needs APC.,"""2025-11-12T21:30:37.283Z"""
9f6895fa-40b0-4400-9c8f-8b71721773be,e94a1de8-1c39-4434-b693-9dde29e61595,Emeka Lawal,emeka.lawal57@yahoo.com,f3181149-f0b3-4470-924a-238efda324a7,1000000,NGN,paystack,completed,PST-3294YF6S9987,false,false,monthly,,"""2025-11-12T21:30:37.283Z"""
2dc4edf1-4765-4f74-a340-9e6dfdbf4506,400a9ce4-cb25-444e-910a-2761abf36f37,Usman Abdullahi,usman.abdullahi26@gmail.com,57c63613-9726-4964-972c-6d0f4e9c16c9,10000000,NGN,paystack,completed,PST-WKZFQXDX44LW,false,true,,,"""2025-11-12T21:30:37.283Z"""
095bc659-0973-474e-be3b-45f2321d6471,004db2b5-d77e-4dcd-9e34-6101f944502a,Funmi Okafor,funmi.okafor8@apc.ng,f3181149-f0b3-4470-924a-238efda324a7,100000,NGN,paystack,completed,PST-KL0GB6VGB2MP,false,false,,,"""2025-11-12T21:30:37.283Z"""
9480dd1f-bcd1-40a5-95f2-85a44f6d8aa1,884c6a28-c10f-4030-8285-c17a09693f5d,Ngozi Okafor,ngozi.okafor77@yahoo.com,a37200a8-a59f-471f-9e6c-1d194002bac9,5000000,NGN,paystack,pending,,false,false,,,"""2025-11-12T21:30:37.283Z"""
d327e117-8f82-4bef-bb2a-36a8dc9b7e1c,,Anonymous Donor,,f904c722-c263-4808-ac35-c29a3554eb19,100000,NGN,paystack,failed,PST-S6NF4WFVFK15,true,false,monthly,,"""2025-11-12T21:30:37.283Z"""
96250b7f-3c8f-4e8f-af78-ef89d107e448,3ee6a2b8-047b-4335-83c0-4d64b2f9dcc7,Fatima Aliyu,fatima.aliyu72@gmail.com,f904c722-c263-4808-ac35-c29a3554eb19,100000,NGN,paystack,completed,PST-UBCP6V71D5C1,false,false,,,"""2025-11-12T21:30:37.283Z"""
8d2cb1c8-2d8e-4fa7-8ded-96da2875523d,0a351a30-e77c-4234-8da9-de93e7e8e942,Hadiza Hassan,hadiza.hassan2184@gmail.com,8acec667-e1de-4dfc-8401-e64db0051446,10000000,NGN,paystack,completed,PST-HIDMV1JAJ2YM,false,false,,Keep up the good work! Nigeria needs APC.,"""2025-11-12T21:30:37.283Z"""
a09ed0a5-0871-4fed-bbd8-47a3a4d0d805,1282e5ee-e348-42e8-b7cf-153107c73bc6,Sani Chinwe,sani.chinwe65@gmail.com,8acec667-e1de-4dfc-8401-e64db0051446,10000000,NGN,paystack,completed,PST-SPTZB2EGC6DU,false,false,,,"""2025-11-12T21:30:37.283Z"""
09d29388-732f-403a-901e-36983cd91395,e9c758a5-a01f-47a8-8cc8-0ec5a434e412,Aishatu Bala,aishatu.bala123@gmail.com,8acec667-e1de-4dfc-8401-e64db0051446,10000000,NGN,paystack,completed,PST-VU5D658D1NTY,false,true,,,"""2025-11-12T21:30:37.283Z"""
139a80b8-0b42-4e21-8c19-c8eb87ef000b,30dd047e-5b10-46f7-9544-6ab5f602fc3a,Abdullahi Anyanwu,abdullahi.anyanwu12@yahoo.com,a37200a8-a59f-471f-9e6c-1d194002bac9,2000000,NGN,paystack,completed,PST-2T9D9U0GAE2Y,false,true,monthly,,"""2025-11-12T21:30:37.283Z"""
81eb8c67-f962-46e5-905e-d39f4ef13e76,c6841e9b-22a0-4030-9614-b249ac8800a4,Chidi Bello,chidi.bello40@yahoo.com,a37200a8-a59f-471f-9e6c-1d194002bac9,2000000,NGN,paystack,completed,PST-KP3561L09YN9,false,true,,,"""2025-11-12T21:30:37.283Z"""
bfb618d3-0291-4190-900a-3a139822a4fc,,Anonymous Donor,,f3181149-f0b3-4470-924a-238efda324a7,2000000,NGN,paystack,failed,PST-4YDGOEJR7ZTS,true,false,,Keep up the good work! Nigeria needs APC.,"""2025-11-12T21:30:37.283Z"""
72098459-1e49-4cf8-b762-a61177d9dd7d,f0c69662-dda2-45d1-8962-cf253e12faca,Oluwaseun Abdullahi,oluwaseun.abdullahi103@yahoo.com,3795df3d-9a00-48ce-907a-f40e739af2ee,20000000,NGN,paystack,completed,PST-9QZSOBDSKN45,false,false,,,"""2025-11-12T21:30:37.283Z"""
51ae0474-49ac-4635-943e-272b9e1ff948,e0084e14-613f-4a05-bb93-bb72fe6c476a,Usman Afolabi,usman.afolabi2188@gmail.com,a37200a8-a59f-471f-9e6c-1d194002bac9,200000,NGN,paystack,completed,PST-NIZFAPCENEOM,false,false,,,"""2025-11-12T21:30:37.283Z"""
a977788b-19ce-4162-b79f-33c499aa9f70,cb463f3e-828a-40e3-b74d-02a612320277,Emeka Musa,emeka.musa152@yahoo.com,3795df3d-9a00-48ce-907a-f40e739af2ee,50000000,NGN,paystack,failed,PST-3KRKJ872A00J,false,false,,,"""2025-11-12T21:30:37.283Z"""
02848674-d245-4dd3-9e44-27436734e8be,99ef0461-1882-47d4-ac82-1c4079d73300,Usman Akinola,usman.akinola159@gmail.com,bef0b849-31a9-4db3-ac57-6fca27135438,10000000,NGN,paystack,completed,PST-YQ9MO51VEG02,false,false,,,"""2025-11-12T21:30:37.370Z"""
c9a8a1c0-f80a-46a6-a874-0fd65eb09857,935c2b21-1629-45e2-ba29-1a2f8c2ff580,Chukwuma Nwosu,chukwuma.nwosu137@yahoo.com,cd0dba81-171e-40da-96e6-f1d7bc1158d2,200000,NGN,paystack,completed,PST-6BQR0LXPGD8L,false,false,,,"""2025-11-12T21:30:37.370Z"""
4fa8765a-34f5-4d19-8042-ff3bfafab07d,bd7b0444-c34f-4693-8c36-4892e485bada,Abdullahi Hassan,abdullahi.hassan2190@gmail.com,bef0b849-31a9-4db3-ac57-6fca27135438,5000000,NGN,paystack,completed,PST-USMREMQZRBVK,false,false,,,"""2025-11-12T21:30:37.370Z"""
3133f970-e679-404b-ab67-d23261b872f4,,Anonymous Donor,,57c63613-9726-4964-972c-6d0f4e9c16c9,10000000,NGN,paystack,completed,PST-1AQPWVCAHLYJ,true,false,,Keep up the good work! Nigeria needs APC.,"""2025-11-12T21:30:37.370Z"""
4f2f2e43-5282-4512-b14b-621f4dbf7fb3,ec3b26cd-c216-4ce6-abd8-ea38d899c4ec,Obinna Oyedepo,obinna.oyedepo3@apc.ng,8acec667-e1de-4dfc-8401-e64db0051446,200000,NGN,paystack,pending,,false,false,,,"""2025-11-12T21:30:37.370Z"""
4bb82050-1c55-4c85-abc2-59ae830d367c,6c109acf-a31b-46ed-9077-ebc12c89bc26,Adeola Abubakar,adeola.abubakar58@yahoo.com,f3181149-f0b3-4470-924a-238efda324a7,10000000,NGN,paystack,completed,PST-LFODHBL237G1,false,true,,Keep up the good work! Nigeria needs APC.,"""2025-11-12T21:30:37.370Z"""
6ceaa1a9-4509-47ec-9279-d4886b142ded,c8e83955-ef79-48a4-a31e-760366f38183,Halima Tijani,halima.tijani74@yahoo.com,80e1a2a1-00e4-4f20-9daf-69b2ef16ab9b,10000000,NGN,paystack,completed,PST-UD6KSM3CBI8F,false,false,,Keep up the good work! Nigeria needs APC.,"""2025-11-12T21:30:37.370Z"""
5ce3ce30-3dd6-432a-be0f-89578178f4d0,b98c6e27-44fa-4c95-b3d7-9aa9a51e113f,Abdullahi Nnadi,abdullahi.nnadi145@gmail.com,8acec667-e1de-4dfc-8401-e64db0051446,1000000,NGN,paystack,completed,PST-792OMZJZSPRG,false,false,,,"""2025-11-12T21:30:37.370Z"""
6b48f9f5-7296-4f32-8642-86d70f8535da,82c271b4-9250-43b1-aa3e-f53f199e7c2e,Buhari Chukwuemeka,buhari.chukwuemeka7@yahoo.com,57c63613-9726-4964-972c-6d0f4e9c16c9,200000,NGN,paystack,pending,,false,false,,,"""2025-11-12T21:30:37.370Z"""
54e965c3-2b46-4075-b399-478051c2e152,95d8c413-b585-494a-b74d-0796b720c582,Adeola Okafor,adeola.okafor42@yahoo.com,27c1f2c0-01b0-4557-81ee-9c7d35a0af70,200000,NGN,paystack,completed,PST-4D4XH7ZT01NC,false,false,,,"""2025-11-12T21:30:37.370Z"""
f4b691b6-4913-4d05-9a37-ec2f29fe967c,a60c6be1-6c4c-4aef-b2d8-e5bd8785bcec,Kehinde Okonkwo,kehinde.okonkwo121@gmail.com,80e1a2a1-00e4-4f20-9daf-69b2ef16ab9b,2000000,NGN,paystack,completed,PST-AM5VTP65W6LO,false,false,,Keep up the good work! Nigeria needs APC.,"""2025-11-12T21:30:37.370Z"""
83f32f03-4580-4c2b-865c-2cdb24d3f47a,f92efc2e-3afe-4785-ba49-d7790933f617,Mohammed Ibekwe,mohammed.ibekwe147@gmail.com,a37200a8-a59f-471f-9e6c-1d194002bac9,1000000,NGN,paystack,completed,PST-1SQKJM07WTCX,false,false,,,"""2025-11-12T21:30:37.370Z"""
8764c6a8-226d-41ff-a35b-cc713ffa46ed,5b75837d-2e07-483f-8248-29791fe3e342,Ahmed Abdullahi,ahmed.abdullahi97@gmail.com,3795df3d-9a00-48ce-907a-f40e739af2ee,2000000,NGN,paystack,pending,,false,true,,Keep up the good work! Nigeria needs APC.,"""2025-11-12T21:30:37.370Z"""
620462e4-a9f2-4a0a-90ee-f6e5bfef5bf5,ac034fe5-4d58-4e90-8001-b3f0e78cea06,Adewale Sadiq,adewale.sadiq23@yahoo.com,27c1f2c0-01b0-4557-81ee-9c7d35a0af70,500000,NGN,paystack,pending,,false,false,,,"""2025-11-12T21:30:37.370Z"""
846a865b-d081-4a9c-b2ae-a6d9a14ef633,c8dfe0cc-6014-49d8-97a5-0d94ceba9570,Halima Usman,halima.usman170@gmail.com,f904c722-c263-4808-ac35-c29a3554eb19,1000000,NGN,paystack,completed,PST-0Q0NTU73ZQXG,false,false,,,"""2025-11-12T21:30:37.370Z"""
e40996a9-0361-473e-adea-ded2ae144e26,2251bb8f-02b6-4c2c-bff7-7b6d19887081,Adeola Musa,adeola.musa142@gmail.com,cd0dba81-171e-40da-96e6-f1d7bc1158d2,2000000,NGN,paystack,completed,PST-O3P9C35LU49V,false,false,monthly,,"""2025-11-12T21:30:37.370Z"""
500a7f7b-89cc-4e49-b560-65088e768c37,d0e53ea3-65d1-4912-a89e-d254eed4fba5,Chukwuma Okeke,chukwuma.okeke168@gmail.com,80e1a2a1-00e4-4f20-9daf-69b2ef16ab9b,20000000,NGN,paystack,completed,PST-WBBS1LIO55TT,false,false,,,"""2025-11-12T21:30:37.370Z"""
e6a60e4a-26dc-4621-a0b7-982a920be641,3602ba43-4a2f-44e3-8ac6-5c866b88addb,Ahmed Chukwu,ahmed.chukwu16@apc.ng,57c63613-9726-4964-972c-6d0f4e9c16c9,50000000,NGN,paystack,completed,PST-N4X5W1SB2VMK,false,false,,,"""2025-11-12T21:30:37.370Z"""
d6cb141c-dd13-4bd1-a84b-3d0f999d3290,85d50851-7ad1-4f3c-9db8-0e64834efa7a,Usman Anyanwu,usman.anyanwu2189@gmail.com,bef0b849-31a9-4db3-ac57-6fca27135438,5000000,NGN,paystack,completed,PST-9XKJTDXES1LE,false,false,,Keep up the good work! Nigeria needs APC.,"""2025-11-12T21:30:37.370Z"""
717ed726-caed-42d2-9490-a8c402587a10,ad50a61d-362d-4411-88e5-1094cb84634a,Folake Ogundele,folake.ogundele93@yahoo.com,a37200a8-a59f-471f-9e6c-1d194002bac9,1000000,NGN,paystack,failed,PST-80XEACLO193H,false,true,,,"""2025-11-12T21:30:37.370Z"""
36877c1d-7b43-475d-b563-b6ae01d90a1a,af3a7212-61cd-4276-9b7b-ee62791335bb,Olumide Afolabi,olumide.afolabi162@yahoo.com,80e1a2a1-00e4-4f20-9daf-69b2ef16ab9b,5000000,NGN,paystack,completed,PST-E2VYNISJ6Q5X,false,false,,Keep up the good work! Nigeria needs APC.,"""2025-11-12T21:30:37.370Z"""
ad2ce7c3-adce-4ce8-86f2-4db4a801bdfc,2251bb8f-02b6-4c2c-bff7-7b6d19887081,Adeola Musa,adeola.musa142@gmail.com,3795df3d-9a00-48ce-907a-f40e739af2ee,1000000,NGN,paystack,completed,PST-ZZML6A7KPMD0,false,false,,Keep up the good work! Nigeria needs APC.,"""2025-11-12T21:30:37.370Z"""
7759eaf4-dffa-47bc-9865-061663359d4b,747a51d6-23ec-400e-a604-af366a675e16,Halima Adeyemi,halima.adeyemi29@yahoo.com,cd0dba81-171e-40da-96e6-f1d7bc1158d2,200000,NGN,paystack,completed,PST-DA6DUUWF5WB5,false,false,,,"""2025-11-12T21:30:37.370Z"""
52c23336-97d9-4d8b-9b33-7ce2a03e57cf,a513669d-b6d6-415d-b70e-e674a8a79543,Aishatu Anyanwu,aishatu.anyanwu38@gmail.com,a37200a8-a59f-471f-9e6c-1d194002bac9,50000000,NGN,paystack,completed,PST-93AXXUZULFD1,false,false,,Keep up the good work! Nigeria needs APC.,"""2025-11-12T21:30:37.370Z"""
cca1c36e-92cc-4810-aacf-2ae2add7968c,184416e0-9e30-4747-8d35-206114697bb2,Khadija Ahmed,khadija.ahmed33@gmail.com,27c1f2c0-01b0-4557-81ee-9c7d35a0af70,10000000,NGN,paystack,completed,PST-9FLEKMHUT6B2,false,true,,,"""2025-11-12T21:30:37.370Z"""
0fb83152-14fe-494b-8d39-7296d35b73a6,efd5b0e3-1f3d-41f6-b104-32c83ef40417,Folake Hassan,folake.hassan106@gmail.com,8d47d8e7-098a-4c0d-9cb4-dbcd92da861f,50000000,NGN,paystack,completed,PST-T4UOP7S55IH4,false,false,,,"""2025-11-12T21:31:18.590Z"""
29709daf-a835-4b3c-9df9-11f8648440ec,11d1f92a-d00a-4a25-a179-0afb89168a79,Emeka Ahmed,emeka.ahmed75@yahoo.com,599d2aeb-05d6-42eb-9bd3-97cac5676bf0,20000000,NGN,paystack,completed,PST-5QGUYCUDDKEF,false,false,,,"""2025-11-12T21:31:18.590Z"""
b671373d-1d1a-4210-b1d6-d40c4b5fb134,479cb39e-1037-46f3-8969-11c5fbd9611c,Aliyu Yusuf,aliyu.yusuf141@gmail.com,811ef7ab-d8ca-4da1-845c-bc1d680ec995,50000000,NGN,paystack,completed,PST-6BYKD1FDYR1N,false,false,,,"""2025-11-12T21:31:18.590Z"""
a9709a72-f5c2-467c-bfd2-948add8e6212,9bf521e1-3889-4269-a33f-af0fe87b352e,Asabe Okeke,asabe.okeke64@yahoo.com,811ef7ab-d8ca-4da1-845c-bc1d680ec995,10000000,NGN,paystack,pending,,false,false,,,"""2025-11-12T21:31:18.590Z"""
f2b2e2c7-bb1f-4aec-a57f-007ddb1f4bdb,88acfb4e-7694-4e70-8516-41710dbc85bf,Babatunde Uzor,babatunde.uzor59@yahoo.com,811ef7ab-d8ca-4da1-845c-bc1d680ec995,1000000,NGN,paystack,completed,PST-5M8K03AJ3Q4M,false,false,,,"""2025-11-12T21:31:18.590Z"""
7732d6c5-5f61-4480-b873-df5273f39698,b4348c91-2d53-442e-899b-73e1d6fcf1ec,Usman Uzor,usman.uzor91@yahoo.com,0086dba0-3d41-4b40-8543-6588a18f6d14,10000000,NGN,paystack,completed,PST-NF4IX7EWKGEW,false,false,,,"""2025-11-12T21:31:18.590Z"""
6ef95a4e-a9e3-48c3-8b7a-9d9a3798b127,53a9d35c-6f2a-4e1f-ad12-d667ed59b0fd,Chigozie Nnamdi,chigozie.nnamdi5@apc.ng,811ef7ab-d8ca-4da1-845c-bc1d680ec995,20000000,NGN,paystack,completed,PST-DV9ONHL66MNS,false,false,,Keep up the good work! Nigeria needs APC.,"""2025-11-12T21:31:18.590Z"""
b83bd0f1-5316-4de0-8afe-9d21aca3a22a,7bc394c6-bb46-4954-a425-7e930ad2da4a,Yusuf Chukwuemeka,yusuf.chukwuemeka44@gmail.com,fca18c04-1897-46a2-ac48-3213440d2549,500000,NGN,paystack,completed,PST-DY7NFJL6U68E,false,false,,,"""2025-11-12T21:31:18.590Z"""
3ec84eda-2cf2-4357-85b2-77bb005bee30,aab4395d-1955-480d-93d9-733b4076fcb4,Bashir Obiora,bashir.obiora139@gmail.com,811ef7ab-d8ca-4da1-845c-bc1d680ec995,500000,NGN,paystack,failed,PST-WLWR5ABR0YL8,false,false,,Keep up the good work! Nigeria needs APC.,"""2025-11-12T21:31:18.590Z"""
510a31bd-efd0-44e4-9bcf-ced0a341c89b,13a3be32-38c8-478b-bd13-f55dc5a0d5c6,Kehinde Okeke,kehinde.okeke66@yahoo.com,7517e038-cf7e-45db-b202-82335ab3fce8,500000,NGN,paystack,pending,,false,false,,,"""2025-11-12T21:31:18.590Z"""
679f3f24-5b49-4f23-8151-c9a69970af94,30ad561f-0edb-474f-aef2-33cd019e5044,Chidi Ibekwe,chidi.ibekwe81@yahoo.com,811ef7ab-d8ca-4da1-845c-bc1d680ec995,20000000,NGN,paystack,completed,PST-WY8ECU1E2MML,false,false,,,"""2025-11-12T21:31:18.590Z"""
02fab62e-b62f-4c23-afa2-77bf0f2c9858,2832a6ab-f843-4576-951f-969fcdad693f,Olumide Musa,olumide.musa67@yahoo.com,811ef7ab-d8ca-4da1-845c-bc1d680ec995,5000000,NGN,paystack,pending,,false,false,,,"""2025-11-12T21:31:18.590Z"""
fc42e5bf-ce56-4309-ba74-5a6f5e246169,e066d3ff-6ac4-4b68-9b01-c2ce2770088c,Babatunde Ibrahim,babatunde.ibrahim156@yahoo.com,7517e038-cf7e-45db-b202-82335ab3fce8,1000000,NGN,paystack,failed,PST-4GNJD4ONZ2TA,false,false,,,"""2025-11-12T21:31:18.590Z"""
e0e77879-c124-43b4-807d-e6b550bb9369,ac034fe5-4d58-4e90-8001-b3f0e78cea06,Adewale Sadiq,adewale.sadiq23@yahoo.com,0086dba0-3d41-4b40-8543-6588a18f6d14,20000000,NGN,paystack,completed,PST-7342ON9CF57H,false,false,,,"""2025-11-12T21:31:18.590Z"""
1893859c-6997-49a3-af7a-c4d3c460f6fa,b002d403-b1d0-42a9-accf-5740d1c0a230,Ayo Okonkwo,ayo.okonkwo15@apc.ng,2f473f80-dd25-465e-abbd-05544d090d78,2000000,NGN,paystack,completed,PST-D8EOKQSIABUB,false,false,,,"""2025-11-12T21:31:18.590Z"""
4bc57c20-dfa2-46e1-9fa2-81849dc2bd8f,93226b44-5b36-4451-abd0-60531eff6384,Tunde Mohammed,tunde.mohammed80@yahoo.com,599d2aeb-05d6-42eb-9bd3-97cac5676bf0,1000000,NGN,paystack,pending,,false,false,,,"""2025-11-12T21:31:18.590Z"""
eff77b0d-3344-492e-b78b-c20e5555d0bb,,Anonymous Donor,,811ef7ab-d8ca-4da1-845c-bc1d680ec995,200000,NGN,paystack,completed,PST-1NGMI8RYS7FU,true,false,,,"""2025-11-12T21:31:18.590Z"""
0350ce92-ead4-40c8-ac26-6bbd6188be97,ad8d94c8-108c-4e6f-b235-55069e6501c9,Adebayo Chukwu,adebayo.chukwu90@gmail.com,aed9ecb2-fd81-4659-8500-14738179fa29,2000000,NGN,paystack,pending,,false,false,,Keep up the good work! Nigeria needs APC.,"""2025-11-12T21:31:18.590Z"""
cd3efe6f-956c-457d-86dc-0b4ff1908e28,537fc221-fa15-4468-a3be-d8df0a3a26e7,Safiya Tijani,safiya.tijani166@yahoo.com,ee09a565-b9a7-453e-a6ca-267c755a78b4,50000000,NGN,paystack,failed,PST-EPST6C6UZC5W,false,false,monthly,,"""2025-11-12T21:31:18.590Z"""
42721a83-a19b-422d-8d1e-e55db61729d9,85d50851-7ad1-4f3c-9db8-0e64834efa7a,Usman Anyanwu,usman.anyanwu2189@gmail.com,811ef7ab-d8ca-4da1-845c-bc1d680ec995,1000000,NGN,paystack,completed,PST-ZI4BBGSNVVPX,false,false,,Keep up the good work! Nigeria needs APC.,"""2025-11-12T21:31:18.590Z"""
cdcbebec-5d69-4be7-8b3c-ad533203becb,,Anonymous Donor,,fca18c04-1897-46a2-ac48-3213440d2549,2000000,NGN,paystack,pending,,true,false,,,"""2025-11-12T21:31:18.590Z"""
6d1ee64e-920c-414a-918a-832a37980104,30ad561f-0edb-474f-aef2-33cd019e5044,Chidi Ibekwe,chidi.ibekwe81@yahoo.com,aed9ecb2-fd81-4659-8500-14738179fa29,5000000,NGN,paystack,completed,PST-VLWHRIL3SFLM,false,false,quarterly,,"""2025-11-12T21:31:18.590Z"""
ca930cb9-03f6-4a0e-b400-e068e7ea906b,801f83c8-e072-443b-9bba-d241501a340d,Olusegun Okafor,olusegun.okafor22@gmail.com,2f473f80-dd25-465e-abbd-05544d090d78,2000000,NGN,paystack,completed,PST-8DENHNNN5RDS,false,false,,,"""2025-11-12T21:31:18.590Z"""
04399a9f-5096-47b7-b450-2441bf89f73a,82c271b4-9250-43b1-aa3e-f53f199e7c2e,Buhari Chukwuemeka,buhari.chukwuemeka7@yahoo.com,0eddffce-b262-4d9f-b1df-243e5e51a143,200000,NGN,paystack,completed,PST-Y53MQUYLYOEP,false,false,,,"""2025-11-12T21:31:18.590Z"""
7d96a3d4-e7dc-4c2a-a7b5-473869a61cc9,25b50426-0eea-4c39-ac77-67cb78180bb1,Aishatu Okafor,aishatu.okafor14@yahoo.com,fca18c04-1897-46a2-ac48-3213440d2549,1000000,NGN,paystack,completed,PST-VRGIJM6WZJPZ,false,false,,Keep up the good work! Nigeria needs APC.,"""2025-11-12T21:31:18.590Z"""
2ed5385b-94a9-4ac7-aec3-1d3a98e25154,11d1f92a-d00a-4a25-a179-0afb89168a79,Emeka Ahmed,emeka.ahmed75@yahoo.com,2f473f80-dd25-465e-abbd-05544d090d78,200000,NGN,paystack,completed,PST-UNSOABQQ6JTS,false,false,,,"""2025-11-12T21:31:18.643Z"""
a12078e9-91cf-48d9-b5c9-66667cad80c1,c6841e9b-22a0-4030-9614-b249ac8800a4,Chidi Bello,chidi.bello40@yahoo.com,599d2aeb-05d6-42eb-9bd3-97cac5676bf0,100000,NGN,paystack,completed,PST-I71YV4PWU3WZ,false,false,,,"""2025-11-12T21:31:18.643Z"""
0abf5dd6-4b7f-4879-9a53-de9954eb5ae4,ad50a61d-362d-4411-88e5-1094cb84634a,Folake Ogundele,folake.ogundele93@yahoo.com,811ef7ab-d8ca-4da1-845c-bc1d680ec995,50000000,NGN,paystack,completed,PST-S31P3YTJVMG0,false,false,,,"""2025-11-12T21:31:18.643Z"""
e9606aa8-82e7-465d-b64e-0d302db762ee,65602296-4b04-417b-837d-30af3542a220,Ifeanyi Okoro,ifeanyi.okoro118@yahoo.com,0086dba0-3d41-4b40-8543-6588a18f6d14,200000,NGN,paystack,completed,PST-3AHI0VFRSUOD,false,false,,Keep up the good work! Nigeria needs APC.,"""2025-11-12T21:31:18.643Z"""
dc594869-bb5e-4cf3-a604-85a54ce200df,fbc5d759-0256-44bd-866b-9479854112cb,Sani Yakubu,sani.yakubu49@gmail.com,811ef7ab-d8ca-4da1-845c-bc1d680ec995,500000,NGN,paystack,pending,,false,false,,,"""2025-11-12T21:31:18.643Z"""
c9d9f519-3181-4e40-afa0-56625083957e,27463989-530e-4352-9f24-31ebb1433bb2,Rakiya Usman,rakiya.usman43@gmail.com,ee09a565-b9a7-453e-a6ca-267c755a78b4,2000000,NGN,paystack,completed,PST-JRJQS4E9QSUJ,false,false,,Keep up the good work! Nigeria needs APC.,"""2025-11-12T21:31:18.643Z"""
534e1e9b-8af7-448d-9260-23d8255de249,7aeb839d-ad40-4e5d-b53f-6b36d177be28,Ngozi Obi,ngozi.obi111@yahoo.com,0eddffce-b262-4d9f-b1df-243e5e51a143,1000000,NGN,paystack,completed,PST-7PEZ4VSEADFX,false,true,,,"""2025-11-12T21:31:18.643Z"""
dda236cf-55c5-40c0-8d81-87e50db07881,,Anonymous Donor,,0eddffce-b262-4d9f-b1df-243e5e51a143,500000,NGN,paystack,failed,PST-20EJ3AL0ZWI7,true,false,monthly,,"""2025-11-12T21:31:18.643Z"""
fd90a4b7-1197-4625-800c-518f26067163,a60c6be1-6c4c-4aef-b2d8-e5bd8785bcec,Kehinde Okonkwo,kehinde.okonkwo121@gmail.com,0086dba0-3d41-4b40-8543-6588a18f6d14,100000,NGN,paystack,completed,PST-52WC7KQG86G0,false,false,,,"""2025-11-12T21:31:18.643Z"""
db542a1c-aaeb-4048-a207-16e465934454,6129cdaa-6c71-4f4d-ae3a-2cf3e714c9ca,Aisha Bala,aisha.bala46@gmail.com,599d2aeb-05d6-42eb-9bd3-97cac5676bf0,1000000,NGN,paystack,completed,PST-DFENQF1968FS,false,false,,,"""2025-11-12T21:31:18.643Z"""
5dde6d24-1574-4007-8bbf-c1d74e8f4ef6,fabf3441-b32c-427e-808c-5db23be2ad4b,Ibrahim Yusuf,ibrahim.yusuf@apc.ng,0eddffce-b262-4d9f-b1df-243e5e51a143,1000000,NGN,paystack,completed,PST-2PX4G8MOALF5,false,true,,,"""2025-11-12T21:31:18.643Z"""
9c67f49d-9fb1-44a6-a7a0-64b34bb4f8e3,457da95e-5ffd-47d6-a529-44815f571197,Chukwuma Obiora,chukwuma.obiora62@yahoo.com,599d2aeb-05d6-42eb-9bd3-97cac5676bf0,500000,NGN,paystack,completed,PST-UEGFD8M0E6GA,false,false,,Keep up the good work! Nigeria needs APC.,"""2025-11-12T21:31:18.643Z"""
6bcc8092-a01a-430c-8894-1f519d2fbfc7,0c07aa3d-e6b0-467b-a406-242dd78cd6fd,Funmilayo Suleiman,funmilayo.suleiman13@gmail.com,7517e038-cf7e-45db-b202-82335ab3fce8,200000,NGN,paystack,completed,PST-GO3HJRQI2CSJ,false,false,,,"""2025-11-12T21:31:18.643Z"""
1805cc54-7ee7-4f9f-a0d3-659bd010f732,,Anonymous Donor,,fca18c04-1897-46a2-ac48-3213440d2549,50000000,NGN,paystack,completed,PST-86VWQED62FB6,true,false,,,"""2025-11-12T21:31:18.643Z"""
863359f4-c137-4c11-aa5b-4819d576f638,dbe80c7e-9eee-4c37-9293-ede1191383ab,Hauwa Adeyemi,hauwa.adeyemi70@yahoo.com,2f473f80-dd25-465e-abbd-05544d090d78,2000000,NGN,paystack,completed,PST-HZ2D33O4UZ47,false,false,,,"""2025-11-12T21:31:18.643Z"""
a6eaa5fe-6cb6-4318-847d-1dd0c1756086,ea616019-d4ed-4b16-b356-6ba4ce723bed,Garba Bello,garba.bello5@gmail.com,ee09a565-b9a7-453e-a6ca-267c755a78b4,20000000,NGN,paystack,pending,,false,false,,Keep up the good work! Nigeria needs APC.,"""2025-11-12T21:31:18.643Z"""
28daca4b-97d4-42b4-bfd9-a168c3798788,4afdc561-cb59-479a-8f89-f0a63ebd7a3f,Sani Bala,sani.bala18@gmail.com,0086dba0-3d41-4b40-8543-6588a18f6d14,2000000,NGN,paystack,pending,,false,false,monthly,,"""2025-11-12T21:31:18.643Z"""
2a61f155-6bfd-4c26-b904-713b4b6ea970,95d8c413-b585-494a-b74d-0796b720c582,Adeola Okafor,adeola.okafor42@yahoo.com,ee09a565-b9a7-453e-a6ca-267c755a78b4,100000,NGN,paystack,completed,PST-DXFVRES5VC8Y,false,false,,,"""2025-11-12T21:31:18.643Z"""
712e32d1-7e8a-412a-9b82-ed3db6ea6ee6,3df85869-4e4d-437e-bcee-8a91209abe5c,Emeka Ibekwe,emeka.ibekwe96@yahoo.com,fca18c04-1897-46a2-ac48-3213440d2549,10000000,NGN,paystack,completed,PST-QRW89NMBN32M,false,false,monthly,Keep up the good work! Nigeria needs APC.,"""2025-11-12T21:31:18.643Z"""
9f5b0df0-89ea-4ecd-be62-315e59a6a33f,ca73b650-c20c-4fcc-a7ed-ff000a79db13,Chinedu Abdullahi,chinedu.abdullahi131@yahoo.com,aed9ecb2-fd81-4659-8500-14738179fa29,50000000,NGN,paystack,completed,PST-RJDZ5AP4UPQR,false,false,,,"""2025-11-12T21:31:18.643Z"""
c7c2f836-0705-4db1-8e97-a3b19a28c4b5,0c0561e3-27b6-4556-9831-52da13fc907b,Emeka Ali,emeka.ali3@gmail.com,ee09a565-b9a7-453e-a6ca-267c755a78b4,20000000,NGN,paystack,completed,PST-L95WZR099L25,false,false,,Keep up the good work! Nigeria needs APC.,"""2025-11-12T21:31:18.643Z"""
49ae44f9-26ec-4eea-8673-f588a1fcae1d,61feece4-6913-48d7-8581-f9c2450a6a63,Hadiza Ogundele,hadiza.ogundele17@gmail.com,0eddffce-b262-4d9f-b1df-243e5e51a143,100000,NGN,paystack,completed,PST-1KYEGVP77O5J,false,false,monthly,Keep up the good work! Nigeria needs APC.,"""2025-11-12T21:31:18.643Z"""
54b67781-454d-4d5f-a223-5ae0ad32e622,60d9bcc0-66c2-4d58-912a-18690ccf4807,Ifeoma Yusuf,ifeoma.yusuf112@yahoo.com,fca18c04-1897-46a2-ac48-3213440d2549,5000000,NGN,paystack,completed,PST-OQRLGZHX0OFF,false,false,,,"""2025-11-12T21:31:18.643Z"""
c3c146af-9d79-4a58-bfa0-5f0e66fd4a2c,fabf3441-b32c-427e-808c-5db23be2ad4b,Ibrahim Yusuf,ibrahim.yusuf@apc.ng,0086dba0-3d41-4b40-8543-6588a18f6d14,5000000,NGN,paystack,completed,PST-YHI7RW89JIYY,false,false,,,"""2025-11-12T21:31:18.643Z"""
8b959f5c-b35c-4cb5-8769-b9394ea99cee,08d80217-749b-4b74-a845-c1a684cb3ecf,Funmilayo Abubakar,funmilayo.abubakar31@yahoo.com,aed9ecb2-fd81-4659-8500-14738179fa29,100000,NGN,paystack,completed,PST-B3FCK1X7ZJ15,false,false,,Keep up the good work! Nigeria needs APC.,"""2025-11-12T21:31:18.643Z"""
3d908fcd-3b95-4034-81f1-ceb8277ca13c,184416e0-9e30-4747-8d35-206114697bb2,Khadija Ahmed,khadija.ahmed33@gmail.com,aed9ecb2-fd81-4659-8500-14738179fa29,50000000,NGN,paystack,completed,PST-VRF0VB9QRY9S,false,false,,Keep up the good work! Nigeria needs APC.,"""2025-11-12T21:31:18.700Z"""
38a4d870-77cf-4182-887e-7ba1c5ac394b,27463989-530e-4352-9f24-31ebb1433bb2,Rakiya Usman,rakiya.usman43@gmail.com,811ef7ab-d8ca-4da1-845c-bc1d680ec995,100000,NGN,paystack,completed,PST-V9BI8VKKNB1G,false,false,,Keep up the good work! Nigeria needs APC.,"""2025-11-12T21:31:18.700Z"""
f1f19c91-bd65-4b8a-8c6f-43d2d7737756,bbed82a6-6b0d-44d3-a860-48e5773d0dbf,Sani Akinola,sani.akinola83@yahoo.com,0086dba0-3d41-4b40-8543-6588a18f6d14,1000000,NGN,paystack,completed,PST-LVRW10E0NY03,false,false,,,"""2025-11-12T21:31:18.700Z"""
91247b02-f505-42ad-8b57-6ac6ee6cab9a,61999a00-d7bf-42e2-acb2-e8ecf95f5d72,Adebayo Adeyemi,adebayo.adeyemi89@gmail.com,ee09a565-b9a7-453e-a6ca-267c755a78b4,2000000,NGN,paystack,completed,PST-E433JRPDH5P2,false,false,,Keep up the good work! Nigeria needs APC.,"""2025-11-12T21:31:18.700Z"""
c3510a96-33dd-4841-8a8d-97a923557ecb,18c9262a-6c6b-4e12-aee5-1323a1e3251a,Adebayo Chinwe,adebayo.chinwe8@gmail.com,8d47d8e7-098a-4c0d-9cb4-dbcd92da861f,200000,NGN,paystack,pending,,false,true,,Keep up the good work! Nigeria needs APC.,"""2025-11-12T21:31:18.700Z"""
094200c0-85c0-4602-9f98-92e4e5a22f54,,Anonymous Donor,,7517e038-cf7e-45db-b202-82335ab3fce8,2000000,NGN,paystack,completed,PST-WV5W7QRSFBTP,true,false,,Keep up the good work! Nigeria needs APC.,"""2025-11-12T21:31:18.700Z"""
d52fd128-d0e1-4b2d-9c78-136333de7810,70c91491-746d-46c0-aa29-a9a905e90a2c,Tunde Abdullahi,tunde.abdullahi160@yahoo.com,2f473f80-dd25-465e-abbd-05544d090d78,200000,NGN,paystack,completed,PST-6WQMRJMWGU9K,false,false,,,"""2025-11-12T21:31:18.700Z"""
5851e93b-98a5-4507-9ef0-4ade11708244,195173d2-1480-4850-9d67-2ca03eada58e,Yusuf Lawal,yusuf.lawal95@gmail.com,8d47d8e7-098a-4c0d-9cb4-dbcd92da861f,20000000,NGN,paystack,completed,PST-MN5RPRAQ50YU,false,false,,,"""2025-11-12T21:31:18.700Z"""
51620405-c917-4272-ac44-651d7e5266b3,e066d3ff-6ac4-4b68-9b01-c2ce2770088c,Babatunde Ibrahim,babatunde.ibrahim156@yahoo.com,fca18c04-1897-46a2-ac48-3213440d2549,100000,NGN,paystack,failed,PST-MR081D2PWCNS,false,false,,,"""2025-11-12T21:31:18.700Z"""
25adf0d1-0019-4ab8-8708-e3e4f4f12280,8c51f942-7acf-4701-9d5e-8aaa9c6b0a53,Folake Adeyemi,folake.adeyemi@apc.ng,811ef7ab-d8ca-4da1-845c-bc1d680ec995,500000,NGN,paystack,failed,PST-2HGA3C5LQPYJ,false,false,,,"""2025-11-12T21:31:18.700Z"""
d268a58f-459b-42ea-9156-9ef1bd215eaf,b7b4c23d-0258-4e54-ab6f-9922948777a5,Yusuf Okafor,yusuf.okafor21@gmail.com,2f473f80-dd25-465e-abbd-05544d090d78,50000000,NGN,paystack,completed,PST-SXNG5YRL4R14,false,false,monthly,,"""2025-11-12T21:31:18.700Z"""
d8b08db9-51b5-405f-b09d-9ae164486f21,dbe80c7e-9eee-4c37-9293-ede1191383ab,Hauwa Adeyemi,hauwa.adeyemi70@yahoo.com,7517e038-cf7e-45db-b202-82335ab3fce8,50000000,NGN,paystack,completed,PST-J8FPNRWTC6L6,false,false,,Keep up the good work! Nigeria needs APC.,"""2025-11-12T21:31:18.700Z"""
5c4ed2fc-7045-442e-a62e-3adebd60da30,105c8fa9-3972-46ff-afcc-73d3d96a3160,Chinonso Sadiq,chinonso.sadiq1@yahoo.com,0086dba0-3d41-4b40-8543-6588a18f6d14,100000,NGN,paystack,failed,PST-IO7L0FZMBHIG,false,false,,,"""2025-11-12T21:31:18.700Z"""
2d189ce9-a0dc-42ee-b023-16e027650b1d,1282e5ee-e348-42e8-b7cf-153107c73bc6,Sani Chinwe,sani.chinwe65@gmail.com,ee09a565-b9a7-453e-a6ca-267c755a78b4,5000000,NGN,paystack,failed,PST-CMYW9T9RN782,false,false,,Keep up the good work! Nigeria needs APC.,"""2025-11-12T21:31:18.700Z"""
9ca5f0b1-7bc7-42e3-bc63-ced2656548de,4a97422e-ee9e-4ac4-a2c4-c99e1061adab,Admin User,agbane6@gmail.com,811ef7ab-d8ca-4da1-845c-bc1d680ec995,20000000,NGN,paystack,completed,PST-2XT3C20SOQLJ,false,false,,,"""2025-11-12T21:31:18.700Z"""
b412238f-60b9-403a-8ecb-296b001bdd6d,4fe9a555-3418-4723-9c5c-702a1072ba5e,Ikechukwu Lawal,ikechukwu.lawal163@gmail.com,7517e038-cf7e-45db-b202-82335ab3fce8,2000000,NGN,paystack,completed,PST-UVZ1ARUML46E,false,false,,Keep up the good work! Nigeria needs APC.,"""2025-11-12T21:31:18.700Z"""
6116a408-9898-4246-a03e-683e4ea98232,8aa28eaf-3cbb-4897-85c6-abe16ca0fb46,Ngozi Chinwe,ngozi.chinwe146@gmail.com,7517e038-cf7e-45db-b202-82335ab3fce8,500000,NGN,paystack,completed,PST-FB75U32RGOZO,false,false,,,"""2025-11-12T21:31:18.700Z"""
8a5541cb-c1e0-4be2-a65e-214fec77d25c,fabf3441-b32c-427e-808c-5db23be2ad4b,Ibrahim Yusuf,ibrahim.yusuf@apc.ng,8d47d8e7-098a-4c0d-9cb4-dbcd92da861f,50000000,NGN,paystack,completed,PST-ECBH1GH02AU2,false,false,quarterly,,"""2025-11-12T21:31:18.700Z"""
209f6ac5-068b-4834-a1e2-20c25e8a789b,0c0561e3-27b6-4556-9831-52da13fc907b,Emeka Ali,emeka.ali3@gmail.com,811ef7ab-d8ca-4da1-845c-bc1d680ec995,50000000,NGN,paystack,completed,PST-P8QSAQ79M2DF,false,false,,,"""2025-11-12T21:31:18.700Z"""
509692dc-836a-4d47-8547-ba0489c59a08,3e6a77d5-3807-4545-84de-84425f0b5abf,Aliyu Adekunle,aliyu.adekunle88@gmail.com,ee09a565-b9a7-453e-a6ca-267c755a78b4,5000000,NGN,paystack,failed,PST-WGGB3XMJZ6PV,false,false,,,"""2025-11-12T21:31:18.700Z"""
ae6e12f2-98ee-4a5f-8bf3-05102f12c1ff,6e417743-e845-4f7e-899a-e1f3b60aba90,Tunde Danjuma,tunde.danjuma45@yahoo.com,8d47d8e7-098a-4c0d-9cb4-dbcd92da861f,10000000,NGN,paystack,completed,PST-ZYO6YZXVODAI,false,false,,Keep up the good work! Nigeria needs APC.,"""2025-11-12T21:31:18.700Z"""
3f8b5c0f-266c-4f8a-9914-dd24cc1e0ed6,d0e53ea3-65d1-4912-a89e-d254eed4fba5,Chukwuma Okeke,chukwuma.okeke168@gmail.com,ee09a565-b9a7-453e-a6ca-267c755a78b4,5000000,NGN,paystack,completed,PST-LE84ZTXA82A0,false,false,,,"""2025-11-12T21:31:18.700Z"""
16098068-2360-4f29-9408-2fb1af6c0d0b,a5334b4b-c495-4f49-863f-1ec09089147b,Usman Williams,usman.williams134@gmail.com,2f473f80-dd25-465e-abbd-05544d090d78,500000,NGN,paystack,completed,PST-9PNJ01GYYMDK,false,false,,,"""2025-11-12T21:31:18.700Z"""
e326e3ef-6ef7-4bfb-9065-7da7e31f63e2,95d8c413-b585-494a-b74d-0796b720c582,Adeola Okafor,adeola.okafor42@yahoo.com,fca18c04-1897-46a2-ac48-3213440d2549,10000000,NGN,paystack,pending,,false,false,,,"""2025-11-12T21:31:18.700Z"""
c6b5d619-2c4a-4e2c-b091-69207bd8e639,a60c6be1-6c4c-4aef-b2d8-e5bd8785bcec,Kehinde Okonkwo,kehinde.okonkwo121@gmail.com,811ef7ab-d8ca-4da1-845c-bc1d680ec995,50000000,NGN,paystack,completed,PST-FHLBIDB5IX6E,false,true,,,"""2025-11-12T21:31:18.700Z"""
68f1704f-499e-43ba-a1b7-d030c52d2d2c,4a97422e-ee9e-4ac4-a2c4-c99e1061adab,,,7517e038-cf7e-45db-b202-82335ab3fce8,500000,NGN,flutterwave,pending,don_1763137741016_4abbbf69ede22740,false,false,,,"""2025-11-14T16:29:01.036Z"""