id,title,description,category,date,location,coordinates,points,stateId,maxAttendees,imageUrl,createdAt
aef6f06d-c4e7-4835-bf53-c3ceeacaec9d,Lagos Youth Rally,Join us for a mega rally celebrating youth participation in governance,Rally,"""2024-12-27T13:11:00.121Z""","Tafawa Balewa Square, Lagos",,10,,5000,https://images.unsplash.com/photo-1550000000000,"""2024-11-27T13:11:00.121Z"""
fe87297b-30e1-4b49-83ff-9a94d29b3afc,Kano Town Hall Meeting,Interactive session with party leaders on local development,Town Hall,"""2024-11-22T12:28:15.158Z""",Kano Municipal Hall,,10,,300,https://images.unsplash.com/photo-1550010000000,"""2024-10-23T12:28:15.158Z"""
360dcd4f-28ec-4ea2-bb4b-0bc1df63c3aa,FCT Leadership Summit,Annual gathering of APC leaders and stakeholders,Summit,"""2024-11-16T16:25:24.147Z""","International Conference Centre, Abuja",,10,,1000,https://images.unsplash.com/photo-1550020000000,"""2024-10-17T16:25:24.147Z"""
6aa2197e-50ef-4ae2-971d-c7ac03373d58,Grassroots Mobilization Training,Capacity building workshop for ward coordinators,Training,"""2025-10-18T19:01:49.408Z""",Lagos State APC Secretariat,,10,,150,https://images.unsplash.com/photo-1550030000000,"""2025-09-18T19:01:49.408Z"""
2ab7723c-1d25-438e-95bd-79ce4b5e9793,Community Outreach - Ikeja,Meet and greet with constituents in Ikeja LGA,Canvassing,"""2025-10-22T02:57:29.186Z""",Ikeja Under Bridge,,10,,200,https://images.unsplash.com/photo-1550040000000,"""2025-09-22T02:57:29.186Z"""
5695ae13-18c6-4917-b257-52b561385f84,Women in Politics Conference,Empowering female members for greater participation,Meeting,"""2025-10-08T23:37:33.907Z""","Sheraton Hotel, Abuja",,10,,500,https://images.unsplash.com/photo-1550050000000,"""2025-09-08T23:37:33.907Z"""
20a54633-4a05-44c6-a734-70b43df84307,Youth Skills Acquisition Program,Free training in digital skills and entrepreneurship,Training,"""2025-09-15T00:34:45.253Z""",Kano Technology Hub,,10,,250,https://images.unsplash.com/photo-1550060000000,"""2025-08-16T00:34:45.253Z"""
d14f37b3-eab3-4d97-ba5d-abc1217dd7a7,Party Members Forum - Rivers,Quarterly meeting for all party members in Rivers State,Meeting,"""2025-06-15T10:23:40.368Z""",Port Harcourt City Hall,,10,,400,https://images.unsplash.com/photo-1550070000000,"""2025-05-16T10:23:40.368Z"""
56b430d1-fc90-47ed-8f32-6316973ce78c,Electoral Strategy Workshop,Planning session for upcoming elections,Training,"""2025-07-18T17:32:53.180Z""",Lagos Mainland,,10,,100,https://images.unsplash.com/photo-1550080000000,"""2025-06-18T17:32:53.180Z"""
c292b155-dcfa-4164-84ab-3f236d104a8a,National Unity Rally,Celebrating Nigeria's diversity and APC's inclusive vision,Rally,"""2025-06-23T17:13:22.832Z""","Eagle Square, Abuja",,10,,10000,https://images.unsplash.com/photo-1550090000000,"""2025-05-24T17:13:22.832Z"""
037c8a24-6358-4e3e-9f1a-0d77fd4b6839,Election Campaign Fundraiser - Lagos,An exclusive fundraising event to support our campaign activities and community development projects. Your contribution makes a real difference.,Fundraiser,"""2025-06-15T20:23:59.809Z""",Lagos Sports Stadium,,10,630a0133-5e3f-4b64-b33b-833971dad2a3,100,,"""2025-11-12T20:23:59.846Z"""
3182f65b-1cf5-4e7b-9127-fa447745f9da,Food Distribution Program - Lagos,Bringing hope and tangible support to communities in need. Join us in making a difference in people's lives.,Community Outreach,"""2026-03-11T20:23:59.809Z""",Lagos Town Hall,,10,630a0133-5e3f-4b64-b33b-833971dad2a3,1000,,"""2025-11-12T20:23:59.846Z"""
6aae5038-e4ab-4dc6-9890-c2cb895e7b9e,Community Leaders Forum - Lagos,"Interactive workshop focused on ethical leadership, community service, and effective communication.",Leadership Workshop,"""2026-02-22T20:23:59.809Z""",Lagos Cathedral Hall,,10,630a0133-5e3f-4b64-b33b-833971dad2a3,2000,,"""2025-11-12T20:23:59.846Z"""
c0994cf1-0905-45da-bd33-e732008befaa,Leadership Development Program - Lagos,Capacity building session to strengthen our party's human resources and prepare members for leadership roles.,Training,"""2026-01-31T20:23:59.809Z""",Lagos Government House Banquet Hall,,10,630a0133-5e3f-4b64-b33b-833971dad2a3,2000,,"""2025-11-12T20:23:59.846Z"""
a07d2c1b-5910-40d9-add1-69758277a726,Economic Development Forum - Lagos,"Expert-led discussion on evidence-based policy solutions to critical challenges in education, healthcare, and economic development.",Policy Dialogue,"""2025-12-19T20:23:59.809Z""",Lagos City Square,,10,630a0133-5e3f-4b64-b33b-833971dad2a3,500,,"""2025-11-12T20:23:59.846Z"""
5a18a251-738f-47a4-acfc-7a4eab42884d,Infrastructure Planning Session - Lagos,"Expert-led discussion on evidence-based policy solutions to critical challenges in education, healthcare, and economic development.",Policy Dialogue,"""2025-12-15T20:23:59.809Z""","Ward 5, Lagos",,10,630a0133-5e3f-4b64-b33b-833971dad2a3,100,,"""2025-11-12T20:23:59.846Z"""
c9ee34b6-4029-4e99-af8e-90d5cf415e15,Emerging Leaders Workshop - Lagos,"Interactive workshop focused on ethical leadership, community service, and effective communication.",Leadership Workshop,"""2025-06-16T20:23:59.809Z""","Ward 5, Lagos",,10,630a0133-5e3f-4b64-b33b-833971dad2a3,2000,,"""2025-11-12T20:23:59.846Z"""
a948a44a-bd1b-4abb-bc2c-95a4dae4baad,State Development Summit - Kano,"A high-level summit bringing together party leaders, stakeholders, and experts to chart the course for sustainable development and effective governance.",Summit,"""2025-12-06T20:23:59.809Z""",Kano Convention Center,,10,a4b78471-cc75-4459-9640-9e787ac7e2b3,100,,"""2025-11-12T20:23:59.846Z"""
463959b6-c843-4e74-a808-be46016a34db,Victory Celebration Rally - Kano,A massive mobilization event to demonstrate our commitment to progress and good governance. Join thousands of party faithful as we march for change and development.,Rally,"""2025-06-04T20:23:59.809Z""",Kano City Square,,10,a4b78471-cc75-4459-9640-9e787ac7e2b3,300,,"""2025-11-12T20:23:59.846Z"""
11d1a90d-90d9-4b20-b5ac-04f7ed56bdf3,Community Listening Session - Kano,An open forum for constituents to discuss pressing community issues and development priorities. Your voice matters in building a better tomorrow for all.,Town Hall,"""2025-08-23T20:23:59.809Z""",Kano City Square,,10,a4b78471-cc75-4459-9640-9e787ac7e2b3,100,,"""2025-11-12T20:23:59.846Z"""
acefa3a6-3323-4e76-aa1f-73ccb3be06a1,Women in Leadership Conference - Kano,Addressing gender equity issues and charting pathways for women's economic and political empowerment.,Women's Conference,"""2026-03-09T20:23:59.809Z""",Kano Government House Banquet Hall,,10,a4b78471-cc75-4459-9640-9e787ac7e2b3,50,,"""2025-11-12T20:23:59.846Z"""
493b4e31-0fc4-4e4c-9c38-40673569e998,Security Policy Discussion - Kano,"Bringing together policymakers, experts, and stakeholders to deliberate on effective strategies for sustainable development.",Policy Dialogue,"""2026-02-15T20:23:59.809Z""",Kano Government House Banquet Hall,,10,a4b78471-cc75-4459-9640-9e787ac7e2b3,5000,,"""2025-11-12T20:23:59.846Z"""
1a66c481-591b-4b4d-82e4-1ba5195316f2,Ward Coordinators Workshop - Kano,"Interactive workshop focused on ethical leadership, community service, and effective communication.",Leadership Workshop,"""2026-03-28T20:23:59.810Z""","Local Government Headquarters, Kano",,10,a4b78471-cc75-4459-9640-9e787ac7e2b3,5000,,"""2025-11-12T20:23:59.846Z"""
e18a27f1-d57e-49d0-99d6-028f1f1dda36,Tech Skills for Youth - Kano,"Empowering young people with knowledge, skills, and opportunities to become active participants in nation building.",Youth Forum,"""2025-11-20T20:23:59.810Z""",Kano Convention Center,,10,a4b78471-cc75-4459-9640-9e787ac7e2b3,50,,"""2025-11-12T20:23:59.846Z"""
601db80c-e03b-4c8f-984f-4f09035fba8a,Political Education Workshop - Kaduna,Comprehensive training program to equip volunteers and members with the skills needed for effective grassroots mobilization and community engagement.,Training,"""2025-05-26T20:23:59.810Z""",Kaduna Convention Center,,10,e4c7bf25-eab5-4471-9dd1-5b8a732f227d,1000,,"""2025-11-12T20:23:59.846Z"""
4ba89b29-b593-4301-b52c-e9df13aec72d,Healthcare Innovation Summit - Kaduna,An intensive dialogue session focused on crafting innovative solutions to pressing challenges facing our state and nation.,Summit,"""2025-12-10T20:23:59.810Z""",Kaduna Cathedral Hall,,10,e4c7bf25-eab5-4471-9dd1-5b8a732f227d,5000,,"""2025-11-12T20:23:59.846Z"""
1aeac16e-07bd-4961-8d8e-941ebefd4434,Community Listening Session - Kaduna,An open forum for constituents to discuss pressing community issues and development priorities. Your voice matters in building a better tomorrow for all.,Town Hall,"""2025-12-10T20:23:59.810Z""",Kaduna State APC Secretariat,,10,e4c7bf25-eab5-4471-9dd1-5b8a732f227d,50,,"""2025-11-12T20:23:59.846Z"""
be045275-9220-45b8-969e-75a5ccecf4bf,Community Listening Session - Kaduna,"Join us for an interactive town hall meeting where community members can directly engage with party leaders and representatives. Share your concerns, ask questions, and participate in shaping our collective future.",Town Hall,"""2026-03-21T20:23:59.810Z""",Kaduna Town Hall,,10,e4c7bf25-eab5-4471-9dd1-5b8a732f227d,2000,,"""2025-11-12T20:23:59.846Z"""
43c9aa82-8fe5-4821-a00a-ffb9ee25704d,Campaign Volunteers Training - Kaduna,Capacity building session to strengthen our party's human resources and prepare members for leadership roles.,Training,"""2025-11-20T20:23:59.810Z""",Kaduna Sports Stadium,,10,e4c7bf25-eab5-4471-9dd1-5b8a732f227d,5000,,"""2025-11-12T20:23:59.846Z"""
c0c888f9-3792-4005-aaad-4de3aa81d887,Free Medical Outreach - Kaduna,APC's commitment to the people demonstrated through direct community intervention and support programs.,Community Outreach,"""2025-11-25T20:23:59.810Z""",Kaduna Community Center,,10,e4c7bf25-eab5-4471-9dd1-5b8a732f227d,100,,"""2025-11-12T20:23:59.846Z"""
2a3e56b6-d085-4619-a163-fda550eddba7,Women's Economic Forum - Kaduna,Celebrating women's achievements and discussing strategies for greater women participation in governance and leadership.,Women's Conference,"""2026-05-06T20:23:59.810Z""",Kaduna Town Hall,,10,e4c7bf25-eab5-4471-9dd1-5b8a732f227d,300,,"""2025-11-12T20:23:59.846Z"""
1b7b5498-1161-47bb-902a-a2e85e00cfe6,Youth in Politics Forum - Rivers,"A platform for youth to voice their aspirations, concerns, and ideas for a better society.",Youth Forum,"""2025-07-08T20:23:59.810Z""",Rivers City Square,,10,47c85462-dff0-4fe0-b41b-26ff5e69d19b,5000,,"""2025-11-12T20:23:59.846Z"""
3039ceed-8ca0-49b9-8418-bc4d0658f1a8,Young Leaders Dialogue - Rivers,"A platform for youth to voice their aspirations, concerns, and ideas for a better society.",Youth Forum,"""2026-03-14T20:23:59.810Z""",Rivers Convention Center,,10,47c85462-dff0-4fe0-b41b-26ff5e69d19b,1000,,"""2025-11-12T20:23:59.846Z"""
09de948b-2b5d-49d9-b061-3c44d6b0caba,Victory Celebration Rally - Rivers,A massive mobilization event to demonstrate our commitment to progress and good governance. Join thousands of party faithful as we march for change and development.,Rally,"""2026-01-25T20:23:59.810Z""","Ward 5, Rivers",,10,47c85462-dff0-4fe0-b41b-26ff5e69d19b,5000,,"""2025-11-12T20:23:59.846Z"""
eff9ac77-9016-4339-83a8-85be6ccb5369,Community Listening Session - Rivers,"Join us for an interactive town hall meeting where community members can directly engage with party leaders and representatives. Share your concerns, ask questions, and participate in shaping our collective future.",Town Hall,"""2026-02-20T20:23:59.810Z""",Rivers Community Center,,10,47c85462-dff0-4fe0-b41b-26ff5e69d19b,300,,"""2025-11-12T20:23:59.846Z"""
fe28663f-2388-4773-b481-48d6fdca8209,Victory Celebration Rally - Rivers,A massive mobilization event to demonstrate our commitment to progress and good governance. Join thousands of party faithful as we march for change and development.,Rally,"""2025-08-24T20:23:59.810Z""",Rivers Convention Center,,10,47c85462-dff0-4fe0-b41b-26ff5e69d19b,300,,"""2025-11-12T20:23:59.846Z"""
666b7fe8-edf3-4981-895f-9bf9deea68a8,Security Policy Discussion - Rivers,"Bringing together policymakers, experts, and stakeholders to deliberate on effective strategies for sustainable development.",Policy Dialogue,"""2026-04-16T20:23:59.810Z""",Rivers Central Mosque,,10,47c85462-dff0-4fe0-b41b-26ff5e69d19b,2000,,"""2025-11-12T20:23:59.846Z"""
104f8e9e-f6eb-4963-8278-8f6cb7e52a70,Back-to-School Support Program - Rivers,APC's commitment to the people demonstrated through direct community intervention and support programs.,Community Outreach,"""2025-12-05T20:23:59.810Z""",Rivers Sports Stadium,,10,47c85462-dff0-4fe0-b41b-26ff5e69d19b,1000,,"""2025-11-12T20:23:59.846Z"""
4ef2afc1-a4be-4586-8ea4-74f38767ffc8,Effective Governance Workshop - Abuja FCT,Developing the next generation of party leaders through intensive leadership training and mentorship.,Leadership Workshop,"""2025-12-16T20:23:59.810Z""",Abuja FCT State APC Secretariat,,10,991fb7b0-5eea-467d-a6f9-1e1e2a6475ea,1000,,"""2025-11-12T20:23:59.846Z"""
12fa8bf9-4730-4b6e-ae19-f29f89daca13,Town Hall Meeting with Constituents - Abuja FCT,"Join us for an interactive town hall meeting where community members can directly engage with party leaders and representatives. Share your concerns, ask questions, and participate in shaping our collective future.",Town Hall,"""2025-08-29T20:23:59.810Z""",Abuja FCT Government House Banquet Hall,,10,991fb7b0-5eea-467d-a6f9-1e1e2a6475ea,5000,,"""2025-11-12T20:23:59.846Z"""
5d3a3267-9785-4b30-b7e3-24625142e1b5,Unity Rally for Development - Abuja FCT,A massive mobilization event to demonstrate our commitment to progress and good governance. Join thousands of party faithful as we march for change and development.,Rally,"""2025-09-22T20:23:59.810Z""",Abuja FCT City Square,,10,991fb7b0-5eea-467d-a6f9-1e1e2a6475ea,5000,,"""2025-11-12T20:23:59.846Z"""
79a96d73-0a21-4ac8-83db-2e2ccaa1430d,Economic Development Forum - Abuja FCT,"Expert-led discussion on evidence-based policy solutions to critical challenges in education, healthcare, and economic development.",Policy Dialogue,"""2025-07-08T20:23:59.810Z""",Abuja FCT State APC Secretariat,,10,991fb7b0-5eea-467d-a6f9-1e1e2a6475ea,300,,"""2025-11-12T20:23:59.846Z"""
1ed11ac8-5ddb-454c-b23f-8bda60bc4547,Tech Skills for Youth - Abuja FCT,"Empowering young people with knowledge, skills, and opportunities to become active participants in nation building.",Youth Forum,"""2025-10-23T20:23:59.810Z""",Abuja FCT State APC Secretariat,,10,991fb7b0-5eea-467d-a6f9-1e1e2a6475ea,1000,,"""2025-11-12T20:23:59.846Z"""
19e3e1a3-82ed-406f-afde-5de8d69cac92,Women's Economic Forum - Abuja FCT,Celebrating women's achievements and discussing strategies for greater women participation in governance and leadership.,Women's Conference,"""2026-05-08T20:23:59.810Z""",Abuja FCT Convention Center,,10,991fb7b0-5eea-467d-a6f9-1e1e2a6475ea,5000,,"""2025-11-12T20:23:59.846Z"""
d979910a-c168-4530-98bb-2709149476b2,Campaign Volunteers Training - Abuja FCT,"Hands-on workshop covering modern campaign strategies, voter outreach techniques, and digital organizing tools.",Training,"""2026-02-21T20:23:59.810Z""","Ward 1, Abuja FCT",,10,991fb7b0-5eea-467d-a6f9-1e1e2a6475ea,50,,"""2025-11-12T20:23:59.846Z"""
513f4c97-ae1d-49dd-8ffd-3f58b9c81dcf,Youth Mobilization Rally - Oyo,A massive mobilization event to demonstrate our commitment to progress and good governance. Join thousands of party faithful as we march for change and development.,Rally,"""2025-10-06T20:23:59.810Z""",Oyo Sports Stadium,,10,41f54fc8-0d9d-42e0-bde7-3892fe75ab65,200,,"""2025-11-12T20:23:59.846Z"""
d28f402d-e019-4c32-8c16-762cd6d11bc6,Campaign Volunteers Training - Oyo,"Hands-on workshop covering modern campaign strategies, voter outreach techniques, and digital organizing tools.",Training,"""2026-05-06T20:23:59.810Z""",Oyo Cathedral Hall,,10,41f54fc8-0d9d-42e0-bde7-3892fe75ab65,100,,"""2025-11-12T20:23:59.846Z"""
c2afb1fc-1c93-45b7-aff2-87e227eaf607,Women's Economic Forum - Oyo,Celebrating women's achievements and discussing strategies for greater women participation in governance and leadership.,Women's Conference,"""2026-04-13T20:23:59.810Z""",Oyo Sports Stadium,,10,41f54fc8-0d9d-42e0-bde7-3892fe75ab65,200,,"""2025-11-12T20:23:59.846Z"""
27009bbf-c180-4d3b-b5b8-f2d7e0c2600e,Free Medical Outreach - Oyo,Free community service program reaching out to underserved communities with essential services and support.,Community Outreach,"""2026-02-08T20:23:59.810Z""",Oyo Sports Stadium,,10,41f54fc8-0d9d-42e0-bde7-3892fe75ab65,100,,"""2025-11-12T20:23:59.846Z"""
23cc3f95-2ccc-45c6-8d60-eafb28fe0c97,People's Forum: Your Voice Matters - Oyo,A platform for transparent dialogue between the people and their elected representatives. Come and make your voice heard on issues that matter to you.,Town Hall,"""2025-10-01T20:23:59.811Z""",Oyo Sports Stadium,,10,41f54fc8-0d9d-42e0-bde7-3892fe75ab65,200,,"""2025-11-12T20:23:59.846Z"""
b7ca88e4-fe3e-4e08-8c99-be793a8b803c,Community Listening Session - Oyo,A platform for transparent dialogue between the people and their elected representatives. Come and make your voice heard on issues that matter to you.,Town Hall,"""2026-03-22T20:23:59.811Z""",Oyo Community Center,,10,41f54fc8-0d9d-42e0-bde7-3892fe75ab65,200,,"""2025-11-12T20:23:59.846Z"""
76be5213-dbc3-41b9-9e0a-bd0c457ac49f,Town Hall Meeting with Constituents - Oyo,A platform for transparent dialogue between the people and their elected representatives. Come and make your voice heard on issues that matter to you.,Town Hall,"""2025-07-27T20:23:59.811Z""","Ward 1, Oyo",,10,41f54fc8-0d9d-42e0-bde7-3892fe75ab65,500,,"""2025-11-12T20:23:59.846Z"""
6aa25b98-c4c7-4019-99c1-15de6ca683de,Back-to-School Support Program - Delta,Free community service program reaching out to underserved communities with essential services and support.,Community Outreach,"""2025-12-28T20:23:59.811Z""",Delta State APC Secretariat,,10,9a87b565-5e4c-4369-add1-61a81630ff5d,5000,,"""2025-11-12T20:23:59.846Z"""
3276780a-c10e-4e86-9c04-1a0117d67ae1,Digital Campaign Training - Delta,Comprehensive training program to equip volunteers and members with the skills needed for effective grassroots mobilization and community engagement.,Training,"""2025-12-26T20:23:59.811Z""",Delta City Square,,10,9a87b565-5e4c-4369-add1-61a81630ff5d,200,,"""2025-11-12T20:23:59.846Z"""
9c41c296-2de8-468e-98e3-bf0e7fc94928,Women in Leadership Conference - Delta,Bringing together women leaders and advocates to strengthen women's voices in policy and decision-making.,Women's Conference,"""2025-07-19T20:23:59.811Z""",Delta Central Mosque,,10,9a87b565-5e4c-4369-add1-61a81630ff5d,100,,"""2025-11-12T20:23:59.846Z"""
a349cb70-468f-4630-8f71-2f4c35a8b551,Women's Economic Forum - Delta,Celebrating women's achievements and discussing strategies for greater women participation in governance and leadership.,Women's Conference,"""2025-06-14T20:23:59.811Z""",Delta Cathedral Hall,,10,9a87b565-5e4c-4369-add1-61a81630ff5d,1000,,"""2025-11-12T20:23:59.846Z"""
b48ab126-275b-4f7a-abfd-a15e5fdafe27,Meet Your Representatives - Delta,"Join us for an interactive town hall meeting where community members can directly engage with party leaders and representatives. Share your concerns, ask questions, and participate in shaping our collective future.",Town Hall,"""2025-08-05T20:23:59.811Z""","Ward 5, Delta",,10,9a87b565-5e4c-4369-add1-61a81630ff5d,2000,,"""2025-11-12T20:23:59.846Z"""
a9167515-ee18-4715-878e-660994691b7f,Young Leaders Dialogue - Delta,"A platform for youth to voice their aspirations, concerns, and ideas for a better society.",Youth Forum,"""2025-07-15T20:23:59.811Z""",Delta Convention Center,,10,9a87b565-5e4c-4369-add1-61a81630ff5d,300,,"""2025-11-12T20:23:59.846Z"""
e05eedef-df33-4352-acc9-89b210051e7f,Back-to-School Support Program - Delta,Bringing hope and tangible support to communities in need. Join us in making a difference in people's lives.,Community Outreach,"""2026-01-16T20:23:59.811Z""",Delta State APC Secretariat,,10,9a87b565-5e4c-4369-add1-61a81630ff5d,500,,"""2025-11-12T20:23:59.846Z"""
514f345d-7022-482e-8968-5cc589210173,Leadership Development Program - Anambra,"Hands-on workshop covering modern campaign strategies, voter outreach techniques, and digital organizing tools.",Training,"""2026-03-24T20:23:59.811Z""",Anambra City Square,,10,584c5ba5-f405-4677-93b3-d7901f0be485,2000,,"""2025-11-12T20:23:59.846Z"""
c616efd0-b376-4dc9-91e3-0cf0310ba0db,Women in Leadership Conference - Anambra,Bringing together women leaders and advocates to strengthen women's voices in policy and decision-making.,Women's Conference,"""2025-10-25T20:23:59.811Z""",Anambra Sports Stadium,,10,584c5ba5-f405-4677-93b3-d7901f0be485,5000,,"""2025-11-12T20:23:59.846Z"""
5052e921-746a-4c35-8ff2-8a5134d9b32f,People's Forum: Your Voice Matters - Anambra,"Join us for an interactive town hall meeting where community members can directly engage with party leaders and representatives. Share your concerns, ask questions, and participate in shaping our collective future.",Town Hall,"""2025-06-08T20:23:59.811Z""",Anambra Government House Banquet Hall,,10,584c5ba5-f405-4677-93b3-d7901f0be485,50,,"""2025-11-12T20:23:59.846Z"""
b317e233-593f-4fe8-a93f-3054de871bb0,Campaign Volunteers Training - Anambra,"Hands-on workshop covering modern campaign strategies, voter outreach techniques, and digital organizing tools.",Training,"""2025-08-08T20:23:59.811Z""",Anambra Central Mosque,,10,584c5ba5-f405-4677-93b3-d7901f0be485,500,,"""2025-11-12T20:23:59.846Z"""
42ae8bc5-471c-4f4b-8491-574b35bda8ea,Infrastructure Planning Session - Anambra,"Bringing together policymakers, experts, and stakeholders to deliberate on effective strategies for sustainable development.",Policy Dialogue,"""2026-04-21T20:23:59.811Z""",Anambra Convention Center,,10,584c5ba5-f405-4677-93b3-d7901f0be485,300,,"""2025-11-12T20:23:59.846Z"""
e3dcb6ea-0ac9-4f8c-8cd8-0c09af5e58a6,Gender Equality Dialogue - Anambra,Addressing gender equity issues and charting pathways for women's economic and political empowerment.,Women's Conference,"""2025-10-22T20:23:59.811Z""","Local Government Headquarters, Anambra",,10,584c5ba5-f405-4677-93b3-d7901f0be485,5000,,"""2025-11-12T20:23:59.846Z"""
160a4676-abc1-41d6-9f01-7279ccdf33a0,Women in Leadership Conference - Anambra,Addressing gender equity issues and charting pathways for women's economic and political empowerment.,Women's Conference,"""2026-03-19T20:23:59.811Z""",Anambra Convention Center,,10,584c5ba5-f405-4677-93b3-d7901f0be485,5000,,"""2025-11-12T20:23:59.846Z"""
9524031a-703d-4b66-8d9c-e0fdba5bcca4,Back-to-School Support Program - Katsina,Bringing hope and tangible support to communities in need. Join us in making a difference in people's lives.,Community Outreach,"""2026-04-27T20:23:59.811Z""",Katsina City Square,,10,2cfb838b-0dc8-42b5-9465-18c99844e48e,1000,,"""2025-11-12T20:23:59.846Z"""
0554827c-4cb6-4130-b480-cf40fe6fed92,Campaign Fundraising Dinner - Katsina,An exclusive fundraising event to support our campaign activities and community development projects. Your contribution makes a real difference.,Fundraiser,"""2026-01-01T20:23:59.811Z""","Local Government Headquarters, Katsina",,10,2cfb838b-0dc8-42b5-9465-18c99844e48e,1000,,"""2025-11-12T20:23:59.846Z"""
d7703e45-c0ab-4adf-a0a6-936751fd0bc1,Tech Skills for Youth - Katsina,"Empowering young people with knowledge, skills, and opportunities to become active participants in nation building.",Youth Forum,"""2026-02-13T20:23:59.811Z""","Ward 5, Katsina",,10,2cfb838b-0dc8-42b5-9465-18c99844e48e,200,,"""2025-11-12T20:23:59.846Z"""
d316ec6c-e185-4db3-9634-e04b71a909f4,Meet Your Representatives - Katsina,An open forum for constituents to discuss pressing community issues and development priorities. Your voice matters in building a better tomorrow for all.,Town Hall,"""2025-11-14T20:23:59.811Z""","Ward 1, Katsina",,10,2cfb838b-0dc8-42b5-9465-18c99844e48e,5000,,"""2025-11-12T20:23:59.846Z"""
04db0878-9633-4a3c-bcae-633062da058d,Progressive March for Change - Katsina,"Rally alongside fellow progressives to show support for our party's vision of a better Nigeria. Together, we are stronger and our voice cannot be ignored.",Rally,"""2025-08-06T20:23:59.811Z""","Ward 1, Katsina",,10,2cfb838b-0dc8-42b5-9465-18c99844e48e,1000,,"""2025-11-12T20:23:59.846Z"""
a0a9a91a-dac7-485d-8849-5db0d5d35d89,Campaign Fundraising Dinner - Katsina,An exclusive fundraising event to support our campaign activities and community development projects. Your contribution makes a real difference.,Fundraiser,"""2026-02-20T20:23:59.811Z""","Ward 1, Katsina",,10,2cfb838b-0dc8-42b5-9465-18c99844e48e,2000,,"""2025-11-12T20:23:59.846Z"""
fcfdbeae-2ec1-43ec-ac9b-c5fc3abd4cdf,Political Education Workshop - Katsina,Capacity building session to strengthen our party's human resources and prepare members for leadership roles.,Training,"""2025-12-12T20:23:59.811Z""",Katsina Central Mosque,,10,2cfb838b-0dc8-42b5-9465-18c99844e48e,1000,,"""2025-11-12T20:23:59.846Z"""
d42dd15a-4847-42a2-80c1-3d7678e86457,Youth Empowerment Forum - Bauchi,Engaging the next generation of leaders in meaningful dialogue about their role in shaping Nigeria's future.,Youth Forum,"""2025-06-08T20:23:59.811Z""",Bauchi Sports Stadium,,10,61914495-07a8-4860-b124-ec6331e48be3,1000,,"""2025-11-12T20:23:59.846Z"""
232e55ee-6dd8-42ef-aaa6-5ac85d8fb2aa,Digital Campaign Training - Bauchi,Comprehensive training program to equip volunteers and members with the skills needed for effective grassroots mobilization and community engagement.,Training,"""2025-10-27T20:23:59.811Z""",Bauchi Cathedral Hall,,10,61914495-07a8-4860-b124-ec6331e48be3,5000,,"""2025-11-12T20:23:59.846Z"""
7b0ee5e5-11a9-4ecc-99d0-c4c27d9899d2,Student Engagement Session - Bauchi,"Empowering young people with knowledge, skills, and opportunities to become active participants in nation building.",Youth Forum,"""2025-07-11T20:23:59.811Z""",Bauchi City Square,,10,61914495-07a8-4860-b124-ec6331e48be3,100,,"""2025-11-12T20:23:59.846Z"""
8da7f222-202a-4917-a0d4-9781b31088ca,Healthcare Innovation Summit - Bauchi,"A high-level summit bringing together party leaders, stakeholders, and experts to chart the course for sustainable development and effective governance.",Summit,"""2026-05-07T20:23:59.811Z""",Bauchi Central Mosque,,10,61914495-07a8-4860-b124-ec6331e48be3,2000,,"""2025-11-12T20:23:59.846Z"""
9ab9c406-40a3-4aee-94be-0951b9919177,Victory Celebration Rally - Bauchi,A massive mobilization event to demonstrate our commitment to progress and good governance. Join thousands of party faithful as we march for change and development.,Rally,"""2026-03-13T20:23:59.811Z""",Bauchi Community Center,,10,61914495-07a8-4860-b124-ec6331e48be3,200,,"""2025-11-12T20:23:59.846Z"""
d9985a9b-ca9b-43c5-ae34-41b22a558f0e,Women Empowerment Summit - Bauchi,Celebrating women's achievements and discussing strategies for greater women participation in governance and leadership.,Women's Conference,"""2026-05-09T20:23:59.811Z""","Local Government Headquarters, Bauchi",,10,61914495-07a8-4860-b124-ec6331e48be3,100,,"""2025-11-12T20:23:59.846Z"""
0eaa7a91-7632-4aa1-806b-ef74e5162b67,Town Hall Meeting with Constituents - Bauchi,"Join us for an interactive town hall meeting where community members can directly engage with party leaders and representatives. Share your concerns, ask questions, and participate in shaping our collective future.",Town Hall,"""2025-12-04T20:23:59.811Z""","Ward 5, Bauchi",,10,61914495-07a8-4860-b124-ec6331e48be3,50,,"""2025-11-12T20:23:59.846Z"""
0c1dea7d-25cc-4666-96c8-a5651fb3198c,Tech Skills for Youth - Plateau,"A platform for youth to voice their aspirations, concerns, and ideas for a better society.",Youth Forum,"""2025-06-17T20:23:59.811Z""",Plateau Cathedral Hall,,10,324b5cae-ea0a-4b80-a804-c7bc972a1e0e,5000,,"""2025-11-12T20:23:59.846Z"""
e52156a2-380e-4970-bf1d-98fbcc57c068,Community Leaders Forum - Plateau,"Interactive workshop focused on ethical leadership, community service, and effective communication.",Leadership Workshop,"""2026-02-21T20:23:59.811Z""",Plateau Convention Center,,10,324b5cae-ea0a-4b80-a804-c7bc972a1e0e,1000,,"""2025-11-12T20:23:59.846Z"""
4e6606f5-464f-44af-96b0-8ca581cb4f19,Digital Campaign Training - Plateau,Capacity building session to strengthen our party's human resources and prepare members for leadership roles.,Training,"""2025-12-09T20:23:59.811Z""",Plateau Central Mosque,,10,324b5cae-ea0a-4b80-a804-c7bc972a1e0e,5000,,"""2025-11-12T20:23:59.846Z"""
2a14c510-9a73-4e95-897c-a2d5f069817f,Support Rally for Good Governance - Plateau,"Rally alongside fellow progressives to show support for our party's vision of a better Nigeria. Together, we are stronger and our voice cannot be ignored.",Rally,"""2026-01-23T20:23:59.811Z""",Plateau Town Hall,,10,324b5cae-ea0a-4b80-a804-c7bc972a1e0e,5000,,"""2025-11-12T20:23:59.846Z"""
c32b37f7-6f86-4f41-bd19-3268cfcb2805,Economic Growth Summit - Plateau,An intensive dialogue session focused on crafting innovative solutions to pressing challenges facing our state and nation.,Summit,"""2026-04-29T20:23:59.811Z""",Plateau City Square,,10,324b5cae-ea0a-4b80-a804-c7bc972a1e0e,100,,"""2025-11-12T20:23:59.846Z"""
7e17606f-b72c-4a72-ac80-a10c75b8707d,State Development Summit - Plateau,"A high-level summit bringing together party leaders, stakeholders, and experts to chart the course for sustainable development and effective governance.",Summit,"""2025-09-30T20:23:59.812Z""",Plateau Town Hall,,10,324b5cae-ea0a-4b80-a804-c7bc972a1e0e,50,,"""2025-11-12T20:23:59.846Z"""
c0b907df-ab7c-49bf-9068-8a6140a08048,Back-to-School Support Program - Plateau,Free community service program reaching out to underserved communities with essential services and support.,Community Outreach,"""2025-12-14T20:23:59.812Z""",Plateau Convention Center,,10,324b5cae-ea0a-4b80-a804-c7bc972a1e0e,200,,"""2025-11-12T20:23:59.846Z"""
ab645891-c01f-48c4-80e3-08ab80aafdec,APC Leadership Summit - Imo,"A high-level summit bringing together party leaders, stakeholders, and experts to chart the course for sustainable development and effective governance.",Summit,"""2026-03-07T20:23:59.812Z""",Imo Cathedral Hall,,10,ad78d707-6373-4b64-9e4e-baac273b26b3,500,,"""2025-11-12T20:23:59.846Z"""
3702b59e-352e-4af5-bef0-e69f1e0b2f12,Development Projects Fundraiser - Imo,Join prominent party leaders and donors for a special fundraising dinner to support our vision of progress and development.,Fundraiser,"""2025-12-16T20:23:59.812Z""",Imo Government House Banquet Hall,,10,ad78d707-6373-4b64-9e4e-baac273b26b3,200,,"""2025-11-12T20:23:59.846Z"""
6e950864-b49c-4118-b857-3e9a2a32a164,Gender Equality Dialogue - Imo,Celebrating women's achievements and discussing strategies for greater women participation in governance and leadership.,Women's Conference,"""2025-12-24T20:23:59.812Z""","Ward 1, Imo",,10,ad78d707-6373-4b64-9e4e-baac273b26b3,100,,"""2025-11-12T20:23:59.846Z"""
783d7503-dcbe-4ea9-9848-549a10b9c772,Gender Equality Dialogue - Imo,Bringing together women leaders and advocates to strengthen women's voices in policy and decision-making.,Women's Conference,"""2025-06-14T20:23:59.812Z""",Imo Government House Banquet Hall,,10,ad78d707-6373-4b64-9e4e-baac273b26b3,1000,,"""2025-11-12T20:23:59.846Z"""
04ab0bbd-58fd-46d3-9ea6-99f29f6b4019,Tech Skills for Youth - Imo,Engaging the next generation of leaders in meaningful dialogue about their role in shaping Nigeria's future.,Youth Forum,"""2026-02-19T20:23:59.812Z""","Ward 1, Imo",,10,ad78d707-6373-4b64-9e4e-baac273b26b3,5000,,"""2025-11-12T20:23:59.846Z"""
019113d6-1fab-4462-82a6-d3fff2874573,Women in Politics Conference - Imo,Addressing gender equity issues and charting pathways for women's economic and political empowerment.,Women's Conference,"""2026-02-14T20:23:59.812Z""","Ward 5, Imo",,10,ad78d707-6373-4b64-9e4e-baac273b26b3,50,,"""2025-11-12T20:23:59.846Z"""
05d94753-bc66-46f0-9ea5-339b10a09ee0,Election Campaign Fundraiser - Imo,Join prominent party leaders and donors for a special fundraising dinner to support our vision of progress and development.,Fundraiser,"""2026-01-28T20:23:59.812Z""",Imo Sports Stadium,,10,ad78d707-6373-4b64-9e4e-baac273b26b3,2000,,"""2025-11-12T20:23:59.846Z"""
69a7cfaa-ac10-478e-b21c-7366a0b7173e,Youth in Politics Forum - Borno,Engaging the next generation of leaders in meaningful dialogue about their role in shaping Nigeria's future.,Youth Forum,"""2026-02-10T20:23:59.812Z""",Borno Government House Banquet Hall,,10,6df5f9f6-5f56-40fa-9793-cdf37b2b0213,200,,"""2025-11-12T20:23:59.846Z"""
c8d2b95c-0203-49a8-b010-eec8b5873d3c,Security Policy Discussion - Borno,A platform for informed debate and consensus-building on key policy issues affecting our communities.,Policy Dialogue,"""2026-04-23T20:23:59.812Z""",Borno City Square,,10,6df5f9f6-5f56-40fa-9793-cdf37b2b0213,500,,"""2025-11-12T20:23:59.846Z"""
0f0a2d59-5eda-4926-a071-cb528d4f448e,Food Distribution Program - Borno,APC's commitment to the people demonstrated through direct community intervention and support programs.,Community Outreach,"""2026-02-25T20:23:59.812Z""",Borno Sports Stadium,,10,6df5f9f6-5f56-40fa-9793-cdf37b2b0213,500,,"""2025-11-12T20:23:59.846Z"""
0904d2f4-280f-4330-b903-0649b22d4c75,Women's Economic Forum - Borno,Addressing gender equity issues and charting pathways for women's economic and political empowerment.,Women's Conference,"""2025-12-24T20:23:59.812Z""","Ward 5, Borno",,10,6df5f9f6-5f56-40fa-9793-cdf37b2b0213,50,,"""2025-11-12T20:23:59.846Z"""
a678f97d-e5a0-44fe-9b2c-89c5cdf33d58,People's Forum: Your Voice Matters - Borno,A platform for transparent dialogue between the people and their elected representatives. Come and make your voice heard on issues that matter to you.,Town Hall,"""2025-11-23T20:23:59.812Z""",Borno Town Hall,,10,6df5f9f6-5f56-40fa-9793-cdf37b2b0213,2000,,"""2025-11-12T20:23:59.846Z"""
a38ded5f-8ce9-46d1-8b84-0768d0253999,Community Support Fundraiser - Borno,Support the party's initiatives through this fundraising event. Every contribution helps us serve the people better.,Fundraiser,"""2026-01-02T20:23:59.812Z""",Borno Government House Banquet Hall,,10,6df5f9f6-5f56-40fa-9793-cdf37b2b0213,100,,"""2025-11-12T20:23:59.846Z"""
745034b6-12db-4e94-9c97-039096ded486,Political Leadership Training - Borno,"Interactive workshop focused on ethical leadership, community service, and effective communication.",Leadership Workshop,"""2025-09-28T20:23:59.812Z""",Borno Town Hall,,10,6df5f9f6-5f56-40fa-9793-cdf37b2b0213,2000,,"""2025-11-12T20:23:59.846Z"""
a3d694cc-48ec-40f2-b02f-b720bfe9e612,Development Projects Fundraiser - Edo,An exclusive fundraising event to support our campaign activities and community development projects. Your contribution makes a real difference.,Fundraiser,"""2025-12-10T20:23:59.812Z""",Edo Central Mosque,,10,f7cd16da-094b-4690-a2db-8674a477311f,500,,"""2025-11-12T20:23:59.846Z"""
6a2bd356-f61b-4679-beb8-bb231fc82805,Young Leaders Dialogue - Edo,"Empowering young people with knowledge, skills, and opportunities to become active participants in nation building.",Youth Forum,"""2026-01-30T20:23:59.812Z""",Edo Sports Stadium,,10,f7cd16da-094b-4690-a2db-8674a477311f,200,,"""2025-11-12T20:23:59.846Z"""
d24db75b-5cb8-4769-9a6a-f4234cc97043,Food Distribution Program - Edo,APC's commitment to the people demonstrated through direct community intervention and support programs.,Community Outreach,"""2026-01-25T20:23:59.812Z""",Edo State APC Secretariat,,10,f7cd16da-094b-4690-a2db-8674a477311f,5000,,"""2025-11-12T20:23:59.846Z"""
82e5e866-c6f7-4af6-9540-9327100484e8,Women Empowerment Summit - Edo,Bringing together women leaders and advocates to strengthen women's voices in policy and decision-making.,Women's Conference,"""2025-08-18T20:23:59.812Z""",Edo Community Center,,10,f7cd16da-094b-4690-a2db-8674a477311f,50,,"""2025-11-12T20:23:59.846Z"""
5733649b-165c-4bd5-9d18-254f73ed93df,Healthcare Innovation Summit - Edo,Strategic planning and collaboration forum for party leadership and key stakeholders to align on priorities and action plans.,Summit,"""2025-07-20T20:23:59.812Z""",Edo City Square,,10,f7cd16da-094b-4690-a2db-8674a477311f,1000,,"""2025-11-12T20:23:59.846Z"""
1e55a3d9-0f9d-4863-8660-99e797588640,Community Leaders Forum - Edo,Equipping current and aspiring leaders with the skills and knowledge needed for effective governance and representation.,Leadership Workshop,"""2026-03-09T20:23:59.812Z""",Edo Government House Banquet Hall,,10,f7cd16da-094b-4690-a2db-8674a477311f,5000,,"""2025-11-12T20:23:59.846Z"""
6d7f9051-e592-45c2-b14d-3df05853620e,Progressive March for Change - Edo,A celebration of our achievements and a demonstration of our resolve to continue the fight for development and prosperity for all Nigerians.,Rally,"""2025-11-26T20:23:59.812Z""",Edo Sports Stadium,,10,f7cd16da-094b-4690-a2db-8674a477311f,500,,"""2025-11-12T20:23:59.846Z"""
84c3ec21-6fe6-44af-a0a3-5e9c888a457b,Food Distribution Program - Enugu,Bringing hope and tangible support to communities in need. Join us in making a difference in people's lives.,Community Outreach,"""2026-05-02T20:23:59.812Z""","Local Government Headquarters, Enugu",,10,a629b035-b2e1-4bd6-9592-a192d10fd509,500,,"""2025-11-12T20:23:59.846Z"""
41d8ab3d-cc43-42a1-addb-dac7db3252ac,Effective Governance Workshop - Enugu,Equipping current and aspiring leaders with the skills and knowledge needed for effective governance and representation.,Leadership Workshop,"""2025-12-30T20:23:59.812Z""",Enugu Government House Banquet Hall,,10,a629b035-b2e1-4bd6-9592-a192d10fd509,300,,"""2025-11-12T20:23:59.846Z"""
ae5de937-8434-459d-9765-48a78626ab5d,Party Building Fundraiser - Enugu,Join prominent party leaders and donors for a special fundraising dinner to support our vision of progress and development.,Fundraiser,"""2026-02-09T20:23:59.812Z""",Enugu Cathedral Hall,,10,a629b035-b2e1-4bd6-9592-a192d10fd509,100,,"""2025-11-12T20:23:59.915Z"""
fd115c14-9dc0-4917-98e8-89f7bc53661a,Town Hall Meeting with Constituents - Enugu,An open forum for constituents to discuss pressing community issues and development priorities. Your voice matters in building a better tomorrow for all.,Town Hall,"""2025-10-19T20:23:59.812Z""",Enugu Community Center,,10,a629b035-b2e1-4bd6-9592-a192d10fd509,5000,,"""2025-11-12T20:23:59.915Z"""
9c59ee3d-6a9e-436a-aa9a-9cc9a77380d2,Youth Empowerment Forum - Enugu,"A platform for youth to voice their aspirations, concerns, and ideas for a better society.",Youth Forum,"""2025-08-25T20:23:59.812Z""",Enugu Town Hall,,10,a629b035-b2e1-4bd6-9592-a192d10fd509,100,,"""2025-11-12T20:23:59.915Z"""
748ae571-bdac-4c72-9c2d-53e3d8487808,Infrastructure Planning Session - Enugu,A platform for informed debate and consensus-building on key policy issues affecting our communities.,Policy Dialogue,"""2026-03-14T20:23:59.812Z""","Ward 1, Enugu",,10,a629b035-b2e1-4bd6-9592-a192d10fd509,2000,,"""2025-11-12T20:23:59.915Z"""
3b6141d7-c391-4b26-b192-ef5c887159ea,Student Engagement Session - Enugu,"A platform for youth to voice their aspirations, concerns, and ideas for a better society.",Youth Forum,"""2025-06-18T20:23:59.812Z""","Local Government Headquarters, Enugu",,10,a629b035-b2e1-4bd6-9592-a192d10fd509,200,,"""2025-11-12T20:23:59.915Z"""
04e1f308-162f-4ec1-98c5-9cc5722c60e6,Economic Growth Summit - Sokoto,Strategic planning and collaboration forum for party leadership and key stakeholders to align on priorities and action plans.,Summit,"""2025-12-11T20:23:59.812Z""","Ward 1, Sokoto",,10,607131b5-b6ca-4c9c-a2e3-4de0eef69eb1,50,,"""2025-11-12T20:23:59.915Z"""
3fd668c6-d5ac-4cba-88fc-bb5012c4cda0,Healthcare Innovation Summit - Sokoto,An intensive dialogue session focused on crafting innovative solutions to pressing challenges facing our state and nation.,Summit,"""2026-03-09T20:23:59.812Z""",Sokoto Convention Center,,10,607131b5-b6ca-4c9c-a2e3-4de0eef69eb1,5000,,"""2025-11-12T20:23:59.915Z"""
13cbb750-8f1d-44a6-ab91-f0f4e5f38560,Healthcare Innovation Summit - Sokoto,"A high-level summit bringing together party leaders, stakeholders, and experts to chart the course for sustainable development and effective governance.",Summit,"""2025-10-03T20:23:59.812Z""","Ward 5, Sokoto",,10,607131b5-b6ca-4c9c-a2e3-4de0eef69eb1,500,,"""2025-11-12T20:23:59.915Z"""
9614b39d-19eb-4c8e-b653-c9364537c8c9,Security Policy Discussion - Sokoto,"Bringing together policymakers, experts, and stakeholders to deliberate on effective strategies for sustainable development.",Policy Dialogue,"""2026-04-29T20:23:59.812Z""",Sokoto Community Center,,10,607131b5-b6ca-4c9c-a2e3-4de0eef69eb1,1000,,"""2025-11-12T20:23:59.915Z"""
53291166-b82d-4ecb-9eb5-1e713c4a7620,Youth Empowerment Forum - Sokoto,"A platform for youth to voice their aspirations, concerns, and ideas for a better society.",Youth Forum,"""2025-06-12T20:23:59.812Z""","Ward 5, Sokoto",,10,607131b5-b6ca-4c9c-a2e3-4de0eef69eb1,500,,"""2025-11-12T20:23:59.915Z"""
25536c4c-6013-4668-a2f9-9dbcef0e3cbf,Skills Acquisition Outreach - Sokoto,Free community service program reaching out to underserved communities with essential services and support.,Community Outreach,"""2026-01-08T20:23:59.812Z""",Sokoto Convention Center,,10,607131b5-b6ca-4c9c-a2e3-4de0eef69eb1,200,,"""2025-11-12T20:23:59.915Z"""
dff1ee7d-5aa0-4c0c-ae03-a980b88f4cdd,Digital Campaign Training - Sokoto,Capacity building session to strengthen our party's human resources and prepare members for leadership roles.,Training,"""2025-11-07T20:23:59.812Z""",Sokoto Convention Center,,10,607131b5-b6ca-4c9c-a2e3-4de0eef69eb1,300,,"""2025-11-12T20:23:59.915Z"""
a89c2fe0-99ea-41bb-b7b3-6f66fd0a5a5f,Ward Coordinators Workshop - Kwara,"Interactive workshop focused on ethical leadership, community service, and effective communication.",Leadership Workshop,"""2025-08-27T20:23:59.812Z""",Kwara Cathedral Hall,,10,9c6ca48d-f36f-4e9f-9689-d7b248470365,50,,"""2025-11-12T20:23:59.915Z"""
d7c808f1-3185-4e3b-ba7b-5f153dbf8cec,Community Listening Session - Kwara,"Join us for an interactive town hall meeting where community members can directly engage with party leaders and representatives. Share your concerns, ask questions, and participate in shaping our collective future.",Town Hall,"""2026-01-01T20:23:59.812Z""","Ward 1, Kwara",,10,9c6ca48d-f36f-4e9f-9689-d7b248470365,200,,"""2025-11-12T20:23:59.915Z"""
995389cb-ceda-4db7-8846-a0fb0e695a9d,Political Education Workshop - Kwara,"Hands-on workshop covering modern campaign strategies, voter outreach techniques, and digital organizing tools.",Training,"""2026-04-03T20:23:59.812Z""","Local Government Headquarters, Kwara",,10,9c6ca48d-f36f-4e9f-9689-d7b248470365,5000,,"""2025-11-12T20:23:59.915Z"""
45d6cd95-8414-40a3-a0d4-fc9dc64ec7d6,Victory Celebration Rally - Kwara,A celebration of our achievements and a demonstration of our resolve to continue the fight for development and prosperity for all Nigerians.,Rally,"""2025-12-15T20:23:59.812Z""",Kwara Community Center,,10,9c6ca48d-f36f-4e9f-9689-d7b248470365,1000,,"""2025-11-12T20:23:59.915Z"""
101014d2-84da-4adf-86df-df4d111a9a6f,Grassroots Organizing Skills - Kwara,Comprehensive training program to equip volunteers and members with the skills needed for effective grassroots mobilization and community engagement.,Training,"""2026-02-03T20:23:59.812Z""",Kwara Convention Center,,10,9c6ca48d-f36f-4e9f-9689-d7b248470365,300,,"""2025-11-12T20:23:59.915Z"""
888c7917-3ae7-4348-8e32-e476c4a6943f,Youth Mobilization Rally - Kwara,"Rally alongside fellow progressives to show support for our party's vision of a better Nigeria. Together, we are stronger and our voice cannot be ignored.",Rally,"""2026-04-26T20:23:59.812Z""","Local Government Headquarters, Kwara",,10,9c6ca48d-f36f-4e9f-9689-d7b248470365,50,,"""2025-11-12T20:23:59.915Z"""
3e56411a-19f4-4ed4-9763-6b1d86bf01fb,Digital Campaign Training - Kwara,Capacity building session to strengthen our party's human resources and prepare members for leadership roles.,Training,"""2025-07-04T20:23:59.812Z""",Kwara City Square,,10,9c6ca48d-f36f-4e9f-9689-d7b248470365,2000,,"""2025-11-12T20:23:59.915Z"""
a6b372d5-ba72-466d-ac3a-b4240a93f55f,Community Clean-up Campaign - Benue,APC's commitment to the people demonstrated through direct community intervention and support programs.,Community Outreach,"""2026-02-13T20:23:59.812Z""",Benue Sports Stadium,,10,b0913790-759e-46be-9e5f-90cc3c1ed2a8,1000,,"""2025-11-12T20:23:59.915Z"""
51a0b4f5-5623-45fc-8640-7f050264bdc3,Political Education Workshop - Benue,Comprehensive training program to equip volunteers and members with the skills needed for effective grassroots mobilization and community engagement.,Training,"""2026-03-07T20:23:59.812Z""","Ward 5, Benue",,10,b0913790-759e-46be-9e5f-90cc3c1ed2a8,50,,"""2025-11-12T20:23:59.915Z"""
c9b7855f-cb50-4cda-b453-31bcca0473a4,Back-to-School Support Program - Benue,APC's commitment to the people demonstrated through direct community intervention and support programs.,Community Outreach,"""2026-03-24T20:23:59.812Z""",Benue State APC Secretariat,,10,b0913790-759e-46be-9e5f-90cc3c1ed2a8,100,,"""2025-11-12T20:23:59.915Z"""
3c703699-590e-418a-ac3e-736a0a1807e4,Community Clean-up Campaign - Benue,Free community service program reaching out to underserved communities with essential services and support.,Community Outreach,"""2026-05-05T20:23:59.812Z""",Benue Community Center,,10,b0913790-759e-46be-9e5f-90cc3c1ed2a8,200,,"""2025-11-12T20:23:59.915Z"""
6614d591-0147-4bf9-a4b7-97bd38ff3a22,Economic Growth Summit - Benue,"A high-level summit bringing together party leaders, stakeholders, and experts to chart the course for sustainable development and effective governance.",Summit,"""2025-10-29T20:23:59.812Z""","Ward 5, Benue",,10,b0913790-759e-46be-9e5f-90cc3c1ed2a8,2000,,"""2025-11-12T20:23:59.915Z"""
982db83d-c64a-415f-9f85-22735e56414f,Community Support Fundraiser - Benue,Support the party's initiatives through this fundraising event. Every contribution helps us serve the people better.,Fundraiser,"""2025-08-10T20:23:59.812Z""","Local Government Headquarters, Benue",,10,b0913790-759e-46be-9e5f-90cc3c1ed2a8,100,,"""2025-11-12T20:23:59.915Z"""
cbf72cfc-0eb7-49e5-8794-f62007cb3986,Healthcare Policy Dialogue - Benue,"Bringing together policymakers, experts, and stakeholders to deliberate on effective strategies for sustainable development.",Policy Dialogue,"""2025-11-23T20:23:59.812Z""","Local Government Headquarters, Benue",,10,b0913790-759e-46be-9e5f-90cc3c1ed2a8,200,,"""2025-11-12T20:23:59.915Z"""
7566ff37-1591-4b3f-9019-533553c84e3d,Unity Rally for Development - Niger,A celebration of our achievements and a demonstration of our resolve to continue the fight for development and prosperity for all Nigerians.,Rally,"""2026-01-23T20:23:59.812Z""",Niger Cathedral Hall,,10,aaa6b38e-1ea5-4e94-9b5f-ed04a953a48a,200,,"""2025-11-12T20:23:59.915Z"""
95b2cea3-18bf-45c5-bb38-9a502ec7e874,People's Forum: Your Voice Matters - Niger,A platform for transparent dialogue between the people and their elected representatives. Come and make your voice heard on issues that matter to you.,Town Hall,"""2026-02-10T20:23:59.812Z""",Niger Convention Center,,10,aaa6b38e-1ea5-4e94-9b5f-ed04a953a48a,300,,"""2025-11-12T20:23:59.915Z"""
daf6102e-21a6-4794-a85c-9a0266ed87dd,Tech Skills for Youth - Niger,Engaging the next generation of leaders in meaningful dialogue about their role in shaping Nigeria's future.,Youth Forum,"""2025-07-20T20:23:59.812Z""",Niger Sports Stadium,,10,aaa6b38e-1ea5-4e94-9b5f-ed04a953a48a,5000,,"""2025-11-12T20:23:59.915Z"""
c5137e0d-1897-4e78-8f8d-2725e826e7e3,State Development Summit - Niger,"A high-level summit bringing together party leaders, stakeholders, and experts to chart the course for sustainable development and effective governance.",Summit,"""2025-12-14T20:23:59.812Z""",Niger Cathedral Hall,,10,aaa6b38e-1ea5-4e94-9b5f-ed04a953a48a,50,,"""2025-11-12T20:23:59.915Z"""
0cdd49c9-7f73-41e4-83a3-49167372cd47,Healthcare Policy Dialogue - Niger,"Bringing together policymakers, experts, and stakeholders to deliberate on effective strategies for sustainable development.",Policy Dialogue,"""2026-01-09T20:23:59.812Z""",Niger State APC Secretariat,,10,aaa6b38e-1ea5-4e94-9b5f-ed04a953a48a,100,,"""2025-11-12T20:23:59.915Z"""
5458db54-6860-440c-85c8-e25ad5f31c53,Political Leadership Training - Niger,Equipping current and aspiring leaders with the skills and knowledge needed for effective governance and representation.,Leadership Workshop,"""2026-04-11T20:23:59.812Z""",Niger Cathedral Hall,,10,aaa6b38e-1ea5-4e94-9b5f-ed04a953a48a,2000,,"""2025-11-12T20:23:59.915Z"""
35f60536-5aa7-413d-a86f-8204bc0b688a,Youth Mobilization Rally - Niger,A celebration of our achievements and a demonstration of our resolve to continue the fight for development and prosperity for all Nigerians.,Rally,"""2026-01-30T20:23:59.812Z""",Niger Convention Center,,10,aaa6b38e-1ea5-4e94-9b5f-ed04a953a48a,300,,"""2025-11-12T20:23:59.915Z"""
ac75d505-2a96-4537-a102-6d1c95fa937e,Campaign Volunteers Training - Abia,Comprehensive training program to equip volunteers and members with the skills needed for effective grassroots mobilization and community engagement.,Training,"""2026-01-12T20:23:59.812Z""",Abia Cathedral Hall,,10,dfac0ba2-a282-4944-959f-8182e0933671,300,,"""2025-11-12T20:23:59.915Z"""
9a7bd0a1-c15f-42e2-9998-09442e5aad2a,Women Empowerment Summit - Abia,Bringing together women leaders and advocates to strengthen women's voices in policy and decision-making.,Women's Conference,"""2026-04-29T20:23:59.812Z""","Ward 5, Abia",,10,dfac0ba2-a282-4944-959f-8182e0933671,50,,"""2025-11-12T20:23:59.915Z"""
58fa764e-2393-48a4-b124-81a609fe714b,Election Campaign Fundraiser - Abia,Support the party's initiatives through this fundraising event. Every contribution helps us serve the people better.,Fundraiser,"""2025-07-10T20:23:59.812Z""",Abia Cathedral Hall,,10,dfac0ba2-a282-4944-959f-8182e0933671,1000,,"""2025-11-12T20:23:59.915Z"""
a9aeb171-0afa-4ecd-8803-bcc973f665e0,Ward Coordinators Workshop - Abia,Developing the next generation of party leaders through intensive leadership training and mentorship.,Leadership Workshop,"""2025-12-16T20:23:59.812Z""","Ward 1, Abia",,10,dfac0ba2-a282-4944-959f-8182e0933671,200,,"""2025-11-12T20:23:59.915Z"""
bc55a699-be4c-4aab-8861-3bf439a61a7c,Community Leaders Forum - Abia,Developing the next generation of party leaders through intensive leadership training and mentorship.,Leadership Workshop,"""2025-11-22T20:23:59.812Z""",Abia City Square,,10,dfac0ba2-a282-4944-959f-8182e0933671,500,,"""2025-11-12T20:23:59.915Z"""
d926ea00-df8e-48e2-9368-0354ea7eb494,Women in Politics Conference - Abia,Addressing gender equity issues and charting pathways for women's economic and political empowerment.,Women's Conference,"""2026-01-26T20:23:59.812Z""",Abia Community Center,,10,dfac0ba2-a282-4944-959f-8182e0933671,500,,"""2025-11-12T20:23:59.915Z"""
37b3bbcf-619c-4c2f-8b52-a969d46d4352,Unity Rally for Development - Abia,A massive mobilization event to demonstrate our commitment to progress and good governance. Join thousands of party faithful as we march for change and development.,Rally,"""2026-03-21T20:23:59.812Z""",Abia Community Center,,10,dfac0ba2-a282-4944-959f-8182e0933671,200,,"""2025-11-12T20:23:59.915Z"""
2375697d-b2f5-462f-b039-a0a246daa0cf,Women Empowerment Summit - Akwa Ibom,Addressing gender equity issues and charting pathways for women's economic and political empowerment.,Women's Conference,"""2026-02-28T20:23:59.812Z""",Akwa Ibom Cathedral Hall,,10,f364fad7-e667-42af-a245-50e5eab0dcb8,100,,"""2025-11-12T20:23:59.915Z"""
61d77c48-ed82-4ce3-810c-95659198856d,Healthcare Innovation Summit - Akwa Ibom,An intensive dialogue session focused on crafting innovative solutions to pressing challenges facing our state and nation.,Summit,"""2025-12-25T20:23:59.812Z""",Akwa Ibom State APC Secretariat,,10,f364fad7-e667-42af-a245-50e5eab0dcb8,1000,,"""2025-11-12T20:23:59.915Z"""
03b0511c-923f-4a66-b47b-380cf13ac15c,Progressive March for Change - Akwa Ibom,"Rally alongside fellow progressives to show support for our party's vision of a better Nigeria. Together, we are stronger and our voice cannot be ignored.",Rally,"""2025-10-08T20:23:59.812Z""",Akwa Ibom Community Center,,10,f364fad7-e667-42af-a245-50e5eab0dcb8,50,,"""2025-11-12T20:23:59.915Z"""
0fb05445-56c0-45e0-acc9-40d02fa93e1c,Education Policy Roundtable - Akwa Ibom,"Expert-led discussion on evidence-based policy solutions to critical challenges in education, healthcare, and economic development.",Policy Dialogue,"""2026-01-18T20:23:59.812Z""","Ward 5, Akwa Ibom",,10,f364fad7-e667-42af-a245-50e5eab0dcb8,100,,"""2025-11-12T20:23:59.915Z"""
6f80a1f3-8cdb-4c65-8201-19a2ba5f8b72,Skills Acquisition Outreach - Akwa Ibom,APC's commitment to the people demonstrated through direct community intervention and support programs.,Community Outreach,"""2025-11-30T20:23:59.812Z""",Akwa Ibom Town Hall,,10,f364fad7-e667-42af-a245-50e5eab0dcb8,100,,"""2025-11-12T20:23:59.915Z"""
05a92305-c3fc-444f-ae7c-91cdc94bb1cc,Meet Your Representatives - Akwa Ibom,An open forum for constituents to discuss pressing community issues and development priorities. Your voice matters in building a better tomorrow for all.,Town Hall,"""2026-03-28T20:23:59.812Z""","Local Government Headquarters, Akwa Ibom",,10,f364fad7-e667-42af-a245-50e5eab0dcb8,2000,,"""2025-11-12T20:23:59.915Z"""
b8f24149-4b76-4df4-a7b2-c61eda0e2c66,Party Building Fundraiser - Akwa Ibom,Join prominent party leaders and donors for a special fundraising dinner to support our vision of progress and development.,Fundraiser,"""2026-04-14T20:23:59.812Z""",Akwa Ibom Sports Stadium,,10,f364fad7-e667-42af-a245-50e5eab0dcb8,200,,"""2025-11-12T20:23:59.915Z"""
bd9ca5a6-b32a-4d45-abdd-11feefa0a8a1,Effective Governance Workshop - Cross River,Developing the next generation of party leaders through intensive leadership training and mentorship.,Leadership Workshop,"""2026-03-23T20:23:59.812Z""",Cross River Town Hall,,10,549f7989-f523-4207-997f-b74cfd7f12d1,100,,"""2025-11-12T20:23:59.915Z"""
30dff7fc-576d-4759-980e-6e0125dc6daf,Community Leaders Forum - Cross River,Developing the next generation of party leaders through intensive leadership training and mentorship.,Leadership Workshop,"""2026-04-09T20:23:59.812Z""","Local Government Headquarters, Cross River",,10,549f7989-f523-4207-997f-b74cfd7f12d1,300,,"""2025-11-12T20:23:59.915Z"""
2d577674-da76-4bd7-a316-97b76954ee15,Grassroots Organizing Skills - Cross River,Comprehensive training program to equip volunteers and members with the skills needed for effective grassroots mobilization and community engagement.,Training,"""2026-04-13T20:23:59.812Z""",Cross River Community Center,,10,549f7989-f523-4207-997f-b74cfd7f12d1,300,,"""2025-11-12T20:23:59.915Z"""
cf2ed4b3-8a61-44ba-9705-8c011117b4cb,Free Medical Outreach - Cross River,Bringing hope and tangible support to communities in need. Join us in making a difference in people's lives.,Community Outreach,"""2026-02-27T20:23:59.812Z""",Cross River City Square,,10,549f7989-f523-4207-997f-b74cfd7f12d1,500,,"""2025-11-12T20:23:59.915Z"""
41777f8e-70dd-4641-8da1-b61044892859,Town Hall Meeting with Constituents - Cross River,"Join us for an interactive town hall meeting where community members can directly engage with party leaders and representatives. Share your concerns, ask questions, and participate in shaping our collective future.",Town Hall,"""2025-09-01T20:23:59.812Z""","Ward 1, Cross River",,10,549f7989-f523-4207-997f-b74cfd7f12d1,2000,,"""2025-11-12T20:23:59.915Z"""
5d93f858-7bad-4285-924a-171a71ceed1b,Effective Governance Workshop - Cross River,"Interactive workshop focused on ethical leadership, community service, and effective communication.",Leadership Workshop,"""2026-04-06T20:23:59.812Z""","Ward 1, Cross River",,10,549f7989-f523-4207-997f-b74cfd7f12d1,5000,,"""2025-11-12T20:23:59.915Z"""
8e9ada7d-bab9-4816-9117-af62672af2bb,Economic Development Forum - Cross River,"Bringing together policymakers, experts, and stakeholders to deliberate on effective strategies for sustainable development.",Policy Dialogue,"""2025-11-20T20:23:59.812Z""",Cross River Central Mosque,,10,549f7989-f523-4207-997f-b74cfd7f12d1,200,,"""2025-11-12T20:23:59.915Z"""
f8f3bd16-d0b9-4925-a8fe-52d398bebeb1,Security Policy Discussion - Ebonyi,"Bringing together policymakers, experts, and stakeholders to deliberate on effective strategies for sustainable development.",Policy Dialogue,"""2025-09-14T20:23:59.812Z""",Ebonyi State APC Secretariat,,10,7838b287-2639-47bc-b4ba-71ae5f8b40e4,200,,"""2025-11-12T20:23:59.915Z"""
4f70f557-10f1-4e20-a40d-396c11caebb7,Victory Celebration Rally - Ebonyi,"Rally alongside fellow progressives to show support for our party's vision of a better Nigeria. Together, we are stronger and our voice cannot be ignored.",Rally,"""2025-07-01T20:23:59.812Z""","Local Government Headquarters, Ebonyi",,10,7838b287-2639-47bc-b4ba-71ae5f8b40e4,500,,"""2025-11-12T20:23:59.915Z"""
dc79058d-549a-4111-a4a4-5f1aaa525192,Development Projects Fundraiser - Ebonyi,Support the party's initiatives through this fundraising event. Every contribution helps us serve the people better.,Fundraiser,"""2025-12-23T20:23:59.812Z""",Ebonyi Government House Banquet Hall,,10,7838b287-2639-47bc-b4ba-71ae5f8b40e4,2000,,"""2025-11-12T20:23:59.915Z"""
d78c99d0-c4b9-43bc-90aa-b9ae175a7762,Election Campaign Fundraiser - Ebonyi,Support the party's initiatives through this fundraising event. Every contribution helps us serve the people better.,Fundraiser,"""2026-01-28T20:23:59.812Z""",Ebonyi State APC Secretariat,,10,7838b287-2639-47bc-b4ba-71ae5f8b40e4,50,,"""2025-11-12T20:23:59.915Z"""
70b3f224-fe81-42e8-97e9-1c7114c36969,Effective Governance Workshop - Ebonyi,"Interactive workshop focused on ethical leadership, community service, and effective communication.",Leadership Workshop,"""2026-03-25T20:23:59.812Z""",Ebonyi Central Mosque,,10,7838b287-2639-47bc-b4ba-71ae5f8b40e4,5000,,"""2025-11-12T20:23:59.915Z"""
b7e8fd4e-59b7-47b6-a0df-5467f5b4b5ab,Healthcare Policy Dialogue - Ebonyi,A platform for informed debate and consensus-building on key policy issues affecting our communities.,Policy Dialogue,"""2025-06-12T20:23:59.812Z""","Ward 5, Ebonyi",,10,7838b287-2639-47bc-b4ba-71ae5f8b40e4,50,,"""2025-11-12T20:23:59.915Z"""
5aefa161-cd8c-421a-97fd-81ea83bb2469,APC Leadership Summit - Ebonyi,An intensive dialogue session focused on crafting innovative solutions to pressing challenges facing our state and nation.,Summit,"""2026-05-06T20:23:59.812Z""",Ebonyi Government House Banquet Hall,,10,7838b287-2639-47bc-b4ba-71ae5f8b40e4,2000,,"""2025-11-12T20:23:59.915Z"""
b456f12d-509e-46dd-ad87-f0a208718819,Young Leaders Dialogue - Gombe,"A platform for youth to voice their aspirations, concerns, and ideas for a better society.",Youth Forum,"""2026-02-09T20:23:59.812Z""",Gombe Town Hall,,10,222e751a-506f-41b5-b774-c1682c9a62ad,1000,,"""2025-11-12T20:23:59.915Z"""
24090478-ee35-47f1-8b95-44e67058618b,Political Education Workshop - Gombe,Comprehensive training program to equip volunteers and members with the skills needed for effective grassroots mobilization and community engagement.,Training,"""2025-06-05T20:23:59.812Z""",Gombe Sports Stadium,,10,222e751a-506f-41b5-b774-c1682c9a62ad,2000,,"""2025-11-12T20:23:59.915Z"""
0ff4d114-ce87-4f06-9d41-516147c35ee2,Education Policy Roundtable - Gombe,A platform for informed debate and consensus-building on key policy issues affecting our communities.,Policy Dialogue,"""2026-02-25T20:23:59.812Z""",Gombe Sports Stadium,,10,222e751a-506f-41b5-b774-c1682c9a62ad,200,,"""2025-11-12T20:23:59.915Z"""
ce26e135-a139-42af-ab20-13053f624193,Women's Economic Forum - Gombe,Celebrating women's achievements and discussing strategies for greater women participation in governance and leadership.,Women's Conference,"""2025-09-30T20:23:59.812Z""",Gombe Central Mosque,,10,222e751a-506f-41b5-b774-c1682c9a62ad,50,,"""2025-11-12T20:23:59.915Z"""
4c04c30f-f325-4e25-ba92-f8c77820185a,Young Leaders Dialogue - Gombe,"Empowering young people with knowledge, skills, and opportunities to become active participants in nation building.",Youth Forum,"""2025-09-21T20:23:59.812Z""",Gombe Community Center,,10,222e751a-506f-41b5-b774-c1682c9a62ad,5000,,"""2025-11-12T20:23:59.915Z"""
8b946c9a-2ab7-4016-b7e1-079b6c0aff26,Economic Growth Summit - Gombe,"A high-level summit bringing together party leaders, stakeholders, and experts to chart the course for sustainable development and effective governance.",Summit,"""2026-02-16T20:23:59.812Z""",Gombe Town Hall,,10,222e751a-506f-41b5-b774-c1682c9a62ad,5000,,"""2025-11-12T20:23:59.915Z"""
27ceca6f-972d-45a5-a2b4-8cc6f7f8633c,Meet Your Representatives - Gombe,A platform for transparent dialogue between the people and their elected representatives. Come and make your voice heard on issues that matter to you.,Town Hall,"""2026-04-09T20:23:59.812Z""","Ward 1, Gombe",,10,222e751a-506f-41b5-b774-c1682c9a62ad,200,,"""2025-11-12T20:23:59.915Z"""
8f3c8371-5659-4550-bed5-a186c34ff643,Youth Mobilization Rally - Jigawa,A celebration of our achievements and a demonstration of our resolve to continue the fight for development and prosperity for all Nigerians.,Rally,"""2025-07-29T20:23:59.812Z""",Jigawa City Square,,10,ca19fb07-c29e-40ac-aeb2-28f1ca0417f2,300,,"""2025-11-12T20:23:59.915Z"""
293d1981-3e6d-4b0e-9453-358c3fb4a8be,Effective Governance Workshop - Jigawa,"Interactive workshop focused on ethical leadership, community service, and effective communication.",Leadership Workshop,"""2025-11-17T20:23:59.812Z""","Local Government Headquarters, Jigawa",,10,ca19fb07-c29e-40ac-aeb2-28f1ca0417f2,1000,,"""2025-11-12T20:23:59.915Z"""
92a6cc8f-883a-40aa-b98e-329d54425cc4,Women in Politics Conference - Jigawa,Bringing together women leaders and advocates to strengthen women's voices in policy and decision-making.,Women's Conference,"""2026-04-02T20:23:59.812Z""",Jigawa State APC Secretariat,,10,ca19fb07-c29e-40ac-aeb2-28f1ca0417f2,500,,"""2025-11-12T20:23:59.915Z"""
054ddb54-d9b8-4d2e-8376-b8587a77a93f,Digital Campaign Training - Jigawa,Comprehensive training program to equip volunteers and members with the skills needed for effective grassroots mobilization and community engagement.,Training,"""2025-10-03T20:23:59.812Z""","Local Government Headquarters, Jigawa",,10,ca19fb07-c29e-40ac-aeb2-28f1ca0417f2,500,,"""2025-11-12T20:23:59.915Z"""
788e6204-54d1-4394-96fe-e69aa1042927,Infrastructure Planning Session - Jigawa,A platform for informed debate and consensus-building on key policy issues affecting our communities.,Policy Dialogue,"""2026-02-28T20:23:59.812Z""",Jigawa City Square,,10,ca19fb07-c29e-40ac-aeb2-28f1ca0417f2,2000,,"""2025-11-12T20:23:59.915Z"""
2fd831d0-2523-410a-842b-f8b671a64ae8,Healthcare Innovation Summit - Jigawa,An intensive dialogue session focused on crafting innovative solutions to pressing challenges facing our state and nation.,Summit,"""2026-03-21T20:23:59.812Z""",Jigawa Cathedral Hall,,10,ca19fb07-c29e-40ac-aeb2-28f1ca0417f2,5000,,"""2025-11-12T20:23:59.915Z"""
3dbd5679-155f-4830-8d2f-bfe1850f48bf,Education Reform Summit - Jigawa,"A high-level summit bringing together party leaders, stakeholders, and experts to chart the course for sustainable development and effective governance.",Summit,"""2025-10-12T20:23:59.812Z""",Jigawa State APC Secretariat,,10,ca19fb07-c29e-40ac-aeb2-28f1ca0417f2,5000,,"""2025-11-12T20:23:59.915Z"""
3a9f61a5-b945-4e51-aa7b-db8e4909815c,Community Listening Session - Kebbi,An open forum for constituents to discuss pressing community issues and development priorities. Your voice matters in building a better tomorrow for all.,Town Hall,"""2025-10-16T20:23:59.812Z""",Kebbi Sports Stadium,,10,bd686873-234d-4a07-bc88-fbcf6994d3ba,5000,,"""2025-11-12T20:23:59.915Z"""
d669676d-5255-4c20-8126-977803fff435,Youth Empowerment Forum - Kebbi,"A platform for youth to voice their aspirations, concerns, and ideas for a better society.",Youth Forum,"""2025-08-03T20:23:59.812Z""",Kebbi Cathedral Hall,,10,bd686873-234d-4a07-bc88-fbcf6994d3ba,2000,,"""2025-11-12T20:23:59.915Z"""
85e2407b-0368-463f-b55d-f491fcbd4f0d,Youth Empowerment Forum - Kebbi,"A platform for youth to voice their aspirations, concerns, and ideas for a better society.",Youth Forum,"""2026-02-17T20:23:59.812Z""",Kebbi Convention Center,,10,bd686873-234d-4a07-bc88-fbcf6994d3ba,2000,,"""2025-11-12T20:23:59.915Z"""
679e1714-e2fa-40ce-abb0-b623f99d1cbb,Political Leadership Training - Kebbi,"Interactive workshop focused on ethical leadership, community service, and effective communication.",Leadership Workshop,"""2025-12-11T20:23:59.812Z""",Kebbi Town Hall,,10,bd686873-234d-4a07-bc88-fbcf6994d3ba,1000,,"""2025-11-12T20:23:59.915Z"""
521d81d1-2c44-453c-8ff5-2802822bac10,Community Listening Session - Kebbi,An open forum for constituents to discuss pressing community issues and development priorities. Your voice matters in building a better tomorrow for all.,Town Hall,"""2025-08-05T20:23:59.812Z""",Kebbi Convention Center,,10,bd686873-234d-4a07-bc88-fbcf6994d3ba,5000,,"""2025-11-12T20:23:59.915Z"""
7c021695-e1a6-4b5e-ba4f-76e3007e286e,Young Leaders Dialogue - Kebbi,Engaging the next generation of leaders in meaningful dialogue about their role in shaping Nigeria's future.,Youth Forum,"""2025-09-23T20:23:59.812Z""",Kebbi Sports Stadium,,10,bd686873-234d-4a07-bc88-fbcf6994d3ba,50,,"""2025-11-12T20:23:59.915Z"""
a2247806-dc74-4911-8df0-7775a80506a6,Grassroots Organizing Skills - Kebbi,"Hands-on workshop covering modern campaign strategies, voter outreach techniques, and digital organizing tools.",Training,"""2026-03-02T20:23:59.812Z""",Kebbi Cathedral Hall,,10,bd686873-234d-4a07-bc88-fbcf6994d3ba,500,,"""2025-11-12T20:23:59.915Z"""
0df1a672-7e9e-4458-8a89-d3e2bd7d426f,Student Engagement Session - Kogi,"A platform for youth to voice their aspirations, concerns, and ideas for a better society.",Youth Forum,"""2025-11-01T20:23:59.812Z""",Kogi Town Hall,,10,de62c792-05b2-4336-82af-35815fd0e403,200,,"""2025-11-12T20:23:59.915Z"""
945f6f50-5acb-4f1b-a8dc-591521d70ec5,Support Rally for Good Governance - Kogi,A massive mobilization event to demonstrate our commitment to progress and good governance. Join thousands of party faithful as we march for change and development.,Rally,"""2025-10-15T20:23:59.812Z""",Kogi Convention Center,,10,de62c792-05b2-4336-82af-35815fd0e403,1000,,"""2025-11-12T20:23:59.915Z"""
eea0960d-3d57-41ad-add3-09dd807d2a90,APC Leadership Summit - Kogi,"A high-level summit bringing together party leaders, stakeholders, and experts to chart the course for sustainable development and effective governance.",Summit,"""2025-09-28T20:23:59.812Z""","Ward 1, Kogi",,10,de62c792-05b2-4336-82af-35815fd0e403,500,,"""2025-11-12T20:23:59.915Z"""
c1196d11-18b7-46cc-a7f4-9af145cb363b,Youth Mobilization Rally - Kogi,A celebration of our achievements and a demonstration of our resolve to continue the fight for development and prosperity for all Nigerians.,Rally,"""2026-02-05T20:23:59.812Z""","Ward 5, Kogi",,10,de62c792-05b2-4336-82af-35815fd0e403,5000,,"""2025-11-12T20:23:59.915Z"""
4af4ca1d-385c-456a-96ff-f2682377cf7a,Youth Mobilization Rally - Kogi,A celebration of our achievements and a demonstration of our resolve to continue the fight for development and prosperity for all Nigerians.,Rally,"""2025-10-12T20:23:59.812Z""",Kogi Convention Center,,10,de62c792-05b2-4336-82af-35815fd0e403,100,,"""2025-11-12T20:23:59.915Z"""
0c72c243-5c84-46b6-ab9f-a3b44d835ace,Youth Mobilization Rally - Kogi,"Rally alongside fellow progressives to show support for our party's vision of a better Nigeria. Together, we are stronger and our voice cannot be ignored.",Rally,"""2026-05-08T20:23:59.812Z""",Kogi Town Hall,,10,de62c792-05b2-4336-82af-35815fd0e403,100,,"""2025-11-12T20:23:59.915Z"""
d732d292-1cae-48b1-bbb4-aba15f9ff0d9,Healthcare Policy Dialogue - Kogi,"Bringing together policymakers, experts, and stakeholders to deliberate on effective strategies for sustainable development.",Policy Dialogue,"""2026-04-23T20:23:59.812Z""",Kogi Sports Stadium,,10,de62c792-05b2-4336-82af-35815fd0e403,300,,"""2025-11-12T20:23:59.915Z"""
e4947576-ee92-4500-a734-3c7f95643712,Healthcare Innovation Summit - Nasarawa,"A high-level summit bringing together party leaders, stakeholders, and experts to chart the course for sustainable development and effective governance.",Summit,"""2025-12-21T20:23:59.812Z""","Ward 5, Nasarawa",,10,bb5e9476-7838-442f-9b90-8ef5e1481e81,1000,,"""2025-11-12T20:23:59.915Z"""
c4f3516a-3768-4a3a-94e8-1d23228c9765,State Development Summit - Nasarawa,"A high-level summit bringing together party leaders, stakeholders, and experts to chart the course for sustainable development and effective governance.",Summit,"""2025-07-21T20:23:59.812Z""",Nasarawa City Square,,10,bb5e9476-7838-442f-9b90-8ef5e1481e81,50,,"""2025-11-12T20:23:59.915Z"""
b76665d3-0cd3-4e8d-99f3-55a8f994aff6,Grassroots Organizing Skills - Nasarawa,Capacity building session to strengthen our party's human resources and prepare members for leadership roles.,Training,"""2026-03-28T20:23:59.812Z""",Nasarawa Government House Banquet Hall,,10,bb5e9476-7838-442f-9b90-8ef5e1481e81,1000,,"""2025-11-12T20:23:59.915Z"""
1d908370-8f5a-459d-bce0-49fc77814faf,Free Medical Outreach - Nasarawa,Bringing hope and tangible support to communities in need. Join us in making a difference in people's lives.,Community Outreach,"""2025-07-04T20:23:59.812Z""",Nasarawa Central Mosque,,10,bb5e9476-7838-442f-9b90-8ef5e1481e81,500,,"""2025-11-12T20:23:59.915Z"""
6de6ab42-b04a-45fd-a94b-da866b07cd82,Women in Politics Conference - Nasarawa,Bringing together women leaders and advocates to strengthen women's voices in policy and decision-making.,Women's Conference,"""2025-07-19T20:23:59.812Z""","Local Government Headquarters, Nasarawa",,10,bb5e9476-7838-442f-9b90-8ef5e1481e81,50,,"""2025-11-12T20:23:59.915Z"""
a8ff8f1d-dcb5-4327-92a4-39feba7d9ffa,Healthcare Innovation Summit - Nasarawa,An intensive dialogue session focused on crafting innovative solutions to pressing challenges facing our state and nation.,Summit,"""2025-11-22T20:23:59.812Z""","Local Government Headquarters, Nasarawa",,10,bb5e9476-7838-442f-9b90-8ef5e1481e81,1000,,"""2025-11-12T20:23:59.915Z"""
8f10332b-4942-40d4-88f2-2c148cc4baed,Youth Empowerment Forum - Nasarawa,"A platform for youth to voice their aspirations, concerns, and ideas for a better society.",Youth Forum,"""2026-02-12T20:23:59.812Z""","Ward 1, Nasarawa",,10,bb5e9476-7838-442f-9b90-8ef5e1481e81,1000,,"""2025-11-12T20:23:59.915Z"""
c8bfcac8-5867-4f0e-be4b-29207a91bf9d,Political Leadership Training - Ogun,Equipping current and aspiring leaders with the skills and knowledge needed for effective governance and representation.,Leadership Workshop,"""2025-06-02T20:23:59.812Z""",Ogun Government House Banquet Hall,,10,2cfabdcf-74bf-49ca-af9b-08258207558f,1000,,"""2025-11-12T20:23:59.915Z"""
9793e40c-456b-4f39-b338-761fc644c9b4,Skills Acquisition Outreach - Ogun,APC's commitment to the people demonstrated through direct community intervention and support programs.,Community Outreach,"""2026-04-28T20:23:59.812Z""",Ogun Central Mosque,,10,2cfabdcf-74bf-49ca-af9b-08258207558f,5000,,"""2025-11-12T20:23:59.915Z"""
9d4ecd5c-202e-4895-b07c-eeeeb8e1caab,Women in Politics Conference - Ogun,Bringing together women leaders and advocates to strengthen women's voices in policy and decision-making.,Women's Conference,"""2026-04-30T20:23:59.812Z""","Ward 5, Ogun",,10,2cfabdcf-74bf-49ca-af9b-08258207558f,50,,"""2025-11-12T20:23:59.915Z"""
a8f2e5ae-a61f-4994-bb5e-5bbd064faf54,Leadership Development Program - Ogun,Comprehensive training program to equip volunteers and members with the skills needed for effective grassroots mobilization and community engagement.,Training,"""2025-11-15T20:23:59.812Z""",Ogun Convention Center,,10,2cfabdcf-74bf-49ca-af9b-08258207558f,200,,"""2025-11-12T20:23:59.915Z"""
409ee692-2650-475a-b343-dc01d504cc2e,Ward Coordinators Workshop - Ogun,"Interactive workshop focused on ethical leadership, community service, and effective communication.",Leadership Workshop,"""2026-04-20T20:23:59.812Z""",Ogun Cathedral Hall,,10,2cfabdcf-74bf-49ca-af9b-08258207558f,5000,,"""2025-11-12T20:23:59.976Z"""
0bdc410f-7d25-4031-abb8-7ce9a360463a,Party Building Fundraiser - Ogun,Support the party's initiatives through this fundraising event. Every contribution helps us serve the people better.,Fundraiser,"""2025-07-18T20:23:59.812Z""",Ogun Government House Banquet Hall,,10,2cfabdcf-74bf-49ca-af9b-08258207558f,5000,,"""2025-11-12T20:23:59.976Z"""
4de873c3-6844-47aa-91d2-12488bedde2b,Election Campaign Fundraiser - Ogun,An exclusive fundraising event to support our campaign activities and community development projects. Your contribution makes a real difference.,Fundraiser,"""2025-06-28T20:23:59.812Z""",Ogun Cathedral Hall,,10,2cfabdcf-74bf-49ca-af9b-08258207558f,300,,"""2025-11-12T20:23:59.976Z"""
19a3a79f-967b-49c8-b98f-4ec8210b9043,Progressive March for Change - Ondo,A massive mobilization event to demonstrate our commitment to progress and good governance. Join thousands of party faithful as we march for change and development.,Rally,"""2025-08-05T20:23:59.812Z""",Ondo Government House Banquet Hall,,10,8e197436-5c58-49c9-bf0e-21b2fb09a5a7,500,,"""2025-11-12T20:23:59.976Z"""
15e1d45d-e1bf-4286-bc39-4566d387bdad,Women Empowerment Summit - Ondo,Addressing gender equity issues and charting pathways for women's economic and political empowerment.,Women's Conference,"""2026-01-04T20:23:59.812Z""",Ondo Convention Center,,10,8e197436-5c58-49c9-bf0e-21b2fb09a5a7,50,,"""2025-11-12T20:23:59.976Z"""
206c55be-1368-46f5-b140-8a479d92fbc5,Back-to-School Support Program - Ondo,Free community service program reaching out to underserved communities with essential services and support.,Community Outreach,"""2025-11-02T20:23:59.812Z""",Ondo Convention Center,,10,8e197436-5c58-49c9-bf0e-21b2fb09a5a7,2000,,"""2025-11-12T20:23:59.976Z"""
824f0a48-1fb2-4610-95b2-5e21d21e578c,Gender Equality Dialogue - Ondo,Bringing together women leaders and advocates to strengthen women's voices in policy and decision-making.,Women's Conference,"""2026-05-08T20:23:59.812Z""","Ward 5, Ondo",,10,8e197436-5c58-49c9-bf0e-21b2fb09a5a7,50,,"""2025-11-12T20:23:59.976Z"""
d8bf94c2-3e06-41b2-aeff-1f6758fa110c,Women Empowerment Summit - Ondo,Addressing gender equity issues and charting pathways for women's economic and political empowerment.,Women's Conference,"""2026-04-03T20:23:59.812Z""","Local Government Headquarters, Ondo",,10,8e197436-5c58-49c9-bf0e-21b2fb09a5a7,5000,,"""2025-11-12T20:23:59.976Z"""
4facc2b1-e9ee-4931-879c-00d286df8266,Election Campaign Fundraiser - Ondo,An exclusive fundraising event to support our campaign activities and community development projects. Your contribution makes a real difference.,Fundraiser,"""2025-09-13T20:23:59.812Z""",Ondo Community Center,,10,8e197436-5c58-49c9-bf0e-21b2fb09a5a7,200,,"""2025-11-12T20:23:59.976Z"""
170916ab-63c5-4e1d-9449-ef564fbe947b,Women's Economic Forum - Ondo,Bringing together women leaders and advocates to strengthen women's voices in policy and decision-making.,Women's Conference,"""2026-01-14T20:23:59.812Z""","Local Government Headquarters, Ondo",,10,8e197436-5c58-49c9-bf0e-21b2fb09a5a7,1000,,"""2025-11-12T20:23:59.976Z"""
ab09e25d-3c82-4b27-96a7-128f20a71995,Women in Politics Conference - Osun,Bringing together women leaders and advocates to strengthen women's voices in policy and decision-making.,Women's Conference,"""2025-06-30T20:23:59.812Z""","Ward 1, Osun",,10,13e00786-8b42-4618-8843-f0e184e1e877,1000,,"""2025-11-12T20:23:59.976Z"""
f72452d6-f8ba-49aa-8da5-4103269dc287,Political Leadership Training - Osun,Developing the next generation of party leaders through intensive leadership training and mentorship.,Leadership Workshop,"""2025-07-26T20:23:59.812Z""",Osun Cathedral Hall,,10,13e00786-8b42-4618-8843-f0e184e1e877,300,,"""2025-11-12T20:23:59.976Z"""
ef894a39-1cd7-44d8-bbdc-de038eeb1c2d,Support Rally for Good Governance - Osun,A celebration of our achievements and a demonstration of our resolve to continue the fight for development and prosperity for all Nigerians.,Rally,"""2025-11-05T20:23:59.812Z""",Osun City Square,,10,13e00786-8b42-4618-8843-f0e184e1e877,500,,"""2025-11-12T20:23:59.976Z"""
014f73bc-90d9-44f3-a81f-087a3fc835cb,Security Policy Discussion - Osun,A platform for informed debate and consensus-building on key policy issues affecting our communities.,Policy Dialogue,"""2026-04-11T20:23:59.812Z""",Osun Convention Center,,10,13e00786-8b42-4618-8843-f0e184e1e877,2000,,"""2025-11-12T20:23:59.976Z"""
287a1b4d-9e27-4dc3-b4bd-ab9d87c928fa,Women in Politics Conference - Osun,Celebrating women's achievements and discussing strategies for greater women participation in governance and leadership.,Women's Conference,"""2025-12-17T20:23:59.812Z""",Osun Central Mosque,,10,13e00786-8b42-4618-8843-f0e184e1e877,300,,"""2025-11-12T20:23:59.976Z"""
0279f90e-455c-4c73-8ffb-1a782f64caf4,Skills Acquisition Outreach - Osun,APC's commitment to the people demonstrated through direct community intervention and support programs.,Community Outreach,"""2026-03-06T20:23:59.812Z""",Osun Government House Banquet Hall,,10,13e00786-8b42-4618-8843-f0e184e1e877,200,,"""2025-11-12T20:23:59.976Z"""
d8749cdc-6178-499c-b9e9-937ead5ea806,Infrastructure Planning Session - Osun,"Bringing together policymakers, experts, and stakeholders to deliberate on effective strategies for sustainable development.",Policy Dialogue,"""2025-11-24T20:23:59.812Z""",Osun City Square,,10,13e00786-8b42-4618-8843-f0e184e1e877,50,,"""2025-11-12T20:23:59.976Z"""
7c093480-fa2b-4035-a75b-12c4e87e3606,Economic Growth Summit - Taraba,Strategic planning and collaboration forum for party leadership and key stakeholders to align on priorities and action plans.,Summit,"""2025-12-10T20:23:59.812Z""",Taraba Sports Stadium,,10,de14d0b3-64f3-49dd-b229-a6bcb3b97968,100,,"""2025-11-12T20:23:59.976Z"""
29b7bcee-03ad-4fe6-b2ae-5c976486538b,Campaign Fundraising Dinner - Taraba,Join prominent party leaders and donors for a special fundraising dinner to support our vision of progress and development.,Fundraiser,"""2025-07-02T20:23:59.812Z""",Taraba City Square,,10,de14d0b3-64f3-49dd-b229-a6bcb3b97968,200,,"""2025-11-12T20:23:59.976Z"""
a8988bc2-95c2-4eaf-a737-c0c0209466d8,Community Support Fundraiser - Taraba,An exclusive fundraising event to support our campaign activities and community development projects. Your contribution makes a real difference.,Fundraiser,"""2025-05-24T20:23:59.812Z""",Taraba Cathedral Hall,,10,de14d0b3-64f3-49dd-b229-a6bcb3b97968,50,,"""2025-11-12T20:23:59.976Z"""
8571c84d-f671-4baa-bcf2-63e12158cd27,Meet Your Representatives - Taraba,"Join us for an interactive town hall meeting where community members can directly engage with party leaders and representatives. Share your concerns, ask questions, and participate in shaping our collective future.",Town Hall,"""2025-07-30T20:23:59.812Z""",Taraba Community Center,,10,de14d0b3-64f3-49dd-b229-a6bcb3b97968,100,,"""2025-11-12T20:23:59.976Z"""
30e0c33f-af45-4ae5-96b6-5e3710f49aa5,People's Forum: Your Voice Matters - Taraba,An open forum for constituents to discuss pressing community issues and development priorities. Your voice matters in building a better tomorrow for all.,Town Hall,"""2025-11-07T20:23:59.812Z""","Ward 5, Taraba",,10,de14d0b3-64f3-49dd-b229-a6bcb3b97968,100,,"""2025-11-12T20:23:59.976Z"""
07f520d4-66c1-4818-99cb-fecae7e5d4af,Party Building Fundraiser - Taraba,Support the party's initiatives through this fundraising event. Every contribution helps us serve the people better.,Fundraiser,"""2025-11-10T20:23:59.812Z""",Taraba Convention Center,,10,de14d0b3-64f3-49dd-b229-a6bcb3b97968,50,,"""2025-11-12T20:23:59.976Z"""
3ff3791f-b1e4-4da7-92e6-9c750b72acd4,Women Empowerment Summit - Taraba,Addressing gender equity issues and charting pathways for women's economic and political empowerment.,Women's Conference,"""2025-09-09T20:23:59.812Z""",Taraba State APC Secretariat,,10,de14d0b3-64f3-49dd-b229-a6bcb3b97968,300,,"""2025-11-12T20:23:59.976Z"""
763f1947-4d72-4ee1-bf03-ea26515e0625,Progressive March for Change - Yobe,"Rally alongside fellow progressives to show support for our party's vision of a better Nigeria. Together, we are stronger and our voice cannot be ignored.",Rally,"""2026-01-29T20:23:59.812Z""",Yobe Community Center,,10,bb52bc76-56c3-4f4f-b0b8-420781a7a1df,50,,"""2025-11-12T20:23:59.976Z"""
b55c82e3-0ccb-4a13-8f6d-f1d3a84cb8a0,Security Policy Discussion - Yobe,"Expert-led discussion on evidence-based policy solutions to critical challenges in education, healthcare, and economic development.",Policy Dialogue,"""2025-11-14T20:23:59.812Z""",Yobe Convention Center,,10,bb52bc76-56c3-4f4f-b0b8-420781a7a1df,50,,"""2025-11-12T20:23:59.976Z"""
173989c4-3752-4f2d-a9c8-157900a18cc4,Women Empowerment Summit - Yobe,Bringing together women leaders and advocates to strengthen women's voices in policy and decision-making.,Women's Conference,"""2025-12-19T20:23:59.812Z""","Ward 1, Yobe",,10,bb52bc76-56c3-4f4f-b0b8-420781a7a1df,300,,"""2025-11-12T20:23:59.976Z"""
e95fb23e-9be2-4e8e-addb-d2a5d9c18319,Student Engagement Session - Yobe,"Empowering young people with knowledge, skills, and opportunities to become active participants in nation building.",Youth Forum,"""2025-09-29T20:23:59.812Z""","Ward 5, Yobe",,10,bb52bc76-56c3-4f4f-b0b8-420781a7a1df,50,,"""2025-11-12T20:23:59.976Z"""
8b6d949a-0dd6-4ffc-bbd2-a410382fd17d,Community Listening Session - Yobe,An open forum for constituents to discuss pressing community issues and development priorities. Your voice matters in building a better tomorrow for all.,Town Hall,"""2025-12-17T20:23:59.812Z""","Ward 5, Yobe",,10,bb52bc76-56c3-4f4f-b0b8-420781a7a1df,1000,,"""2025-11-12T20:23:59.976Z"""
67e6ee66-fa2a-4494-9cf8-dc65e8ed69d2,Election Campaign Fundraiser - Yobe,Support the party's initiatives through this fundraising event. Every contribution helps us serve the people better.,Fundraiser,"""2026-04-06T20:23:59.812Z""",Yobe Cathedral Hall,,10,bb52bc76-56c3-4f4f-b0b8-420781a7a1df,2000,,"""2025-11-12T20:23:59.976Z"""
6ceb055f-eb1e-4617-86be-01ff9c2c3723,Political Education Workshop - Yobe,Capacity building session to strengthen our party's human resources and prepare members for leadership roles.,Training,"""2026-02-26T20:23:59.812Z""",Yobe Government House Banquet Hall,,10,bb52bc76-56c3-4f4f-b0b8-420781a7a1df,300,,"""2025-11-12T20:23:59.976Z"""
144b50c3-ecf5-462f-8683-bb68e5b91eb8,Ward Coordinators Workshop - Zamfara,Equipping current and aspiring leaders with the skills and knowledge needed for effective governance and representation.,Leadership Workshop,"""2025-09-10T20:23:59.812Z""",Zamfara Sports Stadium,,10,71db8410-4949-492e-8cb0-1ac42ab97fa8,500,,"""2025-11-12T20:23:59.976Z"""
8a8ef51f-4932-4a44-b34f-1d78f1aab4f6,Campaign Volunteers Training - Zamfara,Capacity building session to strengthen our party's human resources and prepare members for leadership roles.,Training,"""2025-06-01T20:23:59.812Z""",Zamfara Sports Stadium,,10,71db8410-4949-492e-8cb0-1ac42ab97fa8,500,,"""2025-11-12T20:23:59.976Z"""
0170b929-5ab6-45a4-bbe1-9a0c14f0c058,Support Rally for Good Governance - Zamfara,"Rally alongside fellow progressives to show support for our party's vision of a better Nigeria. Together, we are stronger and our voice cannot be ignored.",Rally,"""2026-04-08T20:23:59.812Z""",Zamfara City Square,,10,71db8410-4949-492e-8cb0-1ac42ab97fa8,500,,"""2025-11-12T20:23:59.976Z"""
d2d55ed7-081f-4252-8bd8-e507c2fd69b5,Election Campaign Fundraiser - Zamfara,An exclusive fundraising event to support our campaign activities and community development projects. Your contribution makes a real difference.,Fundraiser,"""2026-02-07T20:23:59.812Z""",Zamfara Convention Center,,10,71db8410-4949-492e-8cb0-1ac42ab97fa8,1000,,"""2025-11-12T20:23:59.976Z"""
5a8ffe0f-f682-45f6-abef-f93c0beaa0f5,Leadership Development Program - Zamfara,Comprehensive training program to equip volunteers and members with the skills needed for effective grassroots mobilization and community engagement.,Training,"""2026-02-27T20:23:59.812Z""",Zamfara Government House Banquet Hall,,10,71db8410-4949-492e-8cb0-1ac42ab97fa8,300,,"""2025-11-12T20:23:59.976Z"""
98c30ebc-cd93-426f-9de6-bbf3759574fd,Economic Growth Summit - Zamfara,Strategic planning and collaboration forum for party leadership and key stakeholders to align on priorities and action plans.,Summit,"""2026-02-25T20:23:59.812Z""",Zamfara Convention Center,,10,71db8410-4949-492e-8cb0-1ac42ab97fa8,5000,,"""2025-11-12T20:23:59.976Z"""
80be3864-fc8f-47bd-a94c-291631ebb564,Infrastructure Planning Session - Zamfara,"Expert-led discussion on evidence-based policy solutions to critical challenges in education, healthcare, and economic development.",Policy Dialogue,"""2025-10-30T20:23:59.812Z""",Zamfara Community Center,,10,71db8410-4949-492e-8cb0-1ac42ab97fa8,300,,"""2025-11-12T20:23:59.976Z"""
b04c5349-b3a4-49ef-8a0b-fe53a86bf58c,Infrastructure Planning Session - Adamawa,A platform for informed debate and consensus-building on key policy issues affecting our communities.,Policy Dialogue,"""2025-08-30T20:23:59.812Z""",Adamawa Central Mosque,,10,744acf2a-539c-4def-9a48-e788e719b82a,50,,"""2025-11-12T20:23:59.976Z"""
bd00fe72-ec77-494f-936e-be9cc4d9ce22,Free Medical Outreach - Adamawa,APC's commitment to the people demonstrated through direct community intervention and support programs.,Community Outreach,"""2025-09-03T20:23:59.812Z""",Adamawa City Square,,10,744acf2a-539c-4def-9a48-e788e719b82a,500,,"""2025-11-12T20:23:59.976Z"""
f17f2c50-26b5-4396-a8fd-569d22d1b609,Meet Your Representatives - Adamawa,An open forum for constituents to discuss pressing community issues and development priorities. Your voice matters in building a better tomorrow for all.,Town Hall,"""2026-05-01T20:23:59.812Z""",Adamawa Community Center,,10,744acf2a-539c-4def-9a48-e788e719b82a,1000,,"""2025-11-12T20:23:59.976Z"""
7afe5f3e-fa46-4f4c-a742-52eb4aa4f2bd,APC Leadership Summit - Adamawa,An intensive dialogue session focused on crafting innovative solutions to pressing challenges facing our state and nation.,Summit,"""2026-04-05T20:23:59.812Z""",Adamawa Sports Stadium,,10,744acf2a-539c-4def-9a48-e788e719b82a,5000,,"""2025-11-12T20:23:59.976Z"""
560a1046-61da-4dbc-bcef-d1bde8c7edcf,Tech Skills for Youth - Adamawa,"A platform for youth to voice their aspirations, concerns, and ideas for a better society.",Youth Forum,"""2025-08-22T20:23:59.812Z""",Adamawa Cathedral Hall,,10,744acf2a-539c-4def-9a48-e788e719b82a,2000,,"""2025-11-12T20:23:59.976Z"""
a39934f8-32d9-41bc-95b3-2abb4d4d0fe3,Victory Celebration Rally - Adamawa,A celebration of our achievements and a demonstration of our resolve to continue the fight for development and prosperity for all Nigerians.,Rally,"""2026-05-05T20:23:59.812Z""","Local Government Headquarters, Adamawa",,10,744acf2a-539c-4def-9a48-e788e719b82a,1000,,"""2025-11-12T20:23:59.976Z"""
588278dc-ae96-4c0e-84bb-27718681e772,Political Education Workshop - Adamawa,Comprehensive training program to equip volunteers and members with the skills needed for effective grassroots mobilization and community engagement.,Training,"""2025-10-29T20:23:59.812Z""","Ward 5, Adamawa",,10,744acf2a-539c-4def-9a48-e788e719b82a,500,,"""2025-11-12T20:23:59.976Z"""
94c64f07-43fc-4a60-a281-631985f0f57d,Women Empowerment Summit - Bayelsa,Celebrating women's achievements and discussing strategies for greater women participation in governance and leadership.,Women's Conference,"""2026-03-29T20:23:59.812Z""",Bayelsa Cathedral Hall,,10,a21ce9b4-add7-4326-aac4-0308d9eaaa01,500,,"""2025-11-12T20:23:59.976Z"""
68fe4193-d78e-4212-a89b-21d6e29a9269,Skills Acquisition Outreach - Bayelsa,Bringing hope and tangible support to communities in need. Join us in making a difference in people's lives.,Community Outreach,"""2025-05-22T20:23:59.812Z""",Bayelsa Cathedral Hall,,10,a21ce9b4-add7-4326-aac4-0308d9eaaa01,100,,"""2025-11-12T20:23:59.976Z"""
6bc1b878-92c4-4bb7-8d7f-afdd3286ceaf,Education Reform Summit - Bayelsa,"A high-level summit bringing together party leaders, stakeholders, and experts to chart the course for sustainable development and effective governance.",Summit,"""2025-11-18T20:23:59.812Z""",Bayelsa Central Mosque,,10,a21ce9b4-add7-4326-aac4-0308d9eaaa01,200,,"""2025-11-12T20:23:59.976Z"""
021bfc77-f37d-4a39-95b2-dc91059a8f98,Party Building Fundraiser - Bayelsa,Join prominent party leaders and donors for a special fundraising dinner to support our vision of progress and development.,Fundraiser,"""2025-07-05T20:23:59.812Z""","Ward 5, Bayelsa",,10,a21ce9b4-add7-4326-aac4-0308d9eaaa01,300,,"""2025-11-12T20:23:59.976Z"""
ed51829f-9b0a-4679-936b-024ea3483ab5,Effective Governance Workshop - Bayelsa,Developing the next generation of party leaders through intensive leadership training and mentorship.,Leadership Workshop,"""2025-12-29T20:23:59.812Z""",Bayelsa City Square,,10,a21ce9b4-add7-4326-aac4-0308d9eaaa01,1000,,"""2025-11-12T20:23:59.976Z"""